run_id	commit	node_fp	model	shape	backend	config_hash	script	load_s	max_s	seed	tps_c1	tps_c4	tps_c8	tps_c16	tps_c32	peak_gb	req_counts	validity	knobs	status	notes	data
20260809-162556-chat	9e9906e	gb10-1988a9714b4e	DavidAU/Qwen3.6-27B-Fable-Fusion-711-Uncensored-Heretic-NM-DAU-NEO-MAX-MTP-GGUF	chat(512/256)	llamacpp@0865990	8b07e87b	launchers/LCPP-DavidAU_Qwen3.6-27B-FF711_NEO-MAX-MTP.smoke-runbook.sh	na	180	42	19.25	na	na	62.3	na	57.4	c1:12/0/0;c16:39/15/0	ok	levels=1|16,max_s=180,seed=42,prompt=512,output=256,stall=na,ltimeout=na,gllm=0.6.0	measured	cfg=q5km-mtp-d2-np16 quant=Qwen3.6-27B-Fable-Fus-711-UnHeretic-NM-DAU-NEO-MAX-NEO-MTP-Q5_K_M np=16 temp=0 exp=20260809-162505 n1	results/gb10-1988a9714b4e/DavidAU/Qwen3.6-27B-Fable-Fusion-711-Uncensored-Heretic-NM-DAU-NEO-MAX-MTP-GGUF/data/20260809-162556-chat
20260809-163219-chat	a52c39f	gb10-1988a9714b4e	DavidAU/Qwen3.6-27B-Fable-Fusion-711-Uncensored-Heretic-NM-DAU-NEO-MAX-MTP-GGUF	chat(512/256)	llamacpp@0865990	8b07e87b	launchers/LCPP-DavidAU_Qwen3.6-27B-FF711_NEO-MAX-MTP.smoke-runbook.sh	na	180	42	19.09	na	na	65.2	na	57.9	c1:12/0/0;c16:42/15/0	ok	levels=1|16,max_s=180,seed=42,prompt=512,output=256,stall=na,ltimeout=na,gllm=0.6.0	measured	cfg=q5km-mtp-d2-np16 quant=Qwen3.6-27B-Fable-Fus-711-UnHeretic-NM-DAU-NEO-MAX-NEO-MTP-Q5_K_M np=16 temp=0 exp=20260809-162505 n2	results/gb10-1988a9714b4e/DavidAU/Qwen3.6-27B-Fable-Fusion-711-Uncensored-Heretic-NM-DAU-NEO-MAX-MTP-GGUF/data/20260809-163219-chat
20260809-163845-chat	a52c39f	gb10-1988a9714b4e	DavidAU/Qwen3.6-27B-Fable-Fusion-711-Uncensored-Heretic-NM-DAU-NEO-MAX-MTP-GGUF	chat(512/256)	llamacpp@0865990	8b07e87b	launchers/LCPP-DavidAU_Qwen3.6-27B-FF711_NEO-MAX-MTP.smoke-runbook.sh	na	180	42	18.98	na	na	63.51	na	58.0	c1:12/0/0;c16:40/15/0	ok	levels=1|16,max_s=180,seed=42,prompt=512,output=256,stall=na,ltimeout=na,gllm=0.6.0	measured	cfg=q5km-mtp-d2-np16 quant=Qwen3.6-27B-Fable-Fus-711-UnHeretic-NM-DAU-NEO-MAX-NEO-MTP-Q5_K_M np=16 temp=0 exp=20260809-162505 n3	results/gb10-1988a9714b4e/DavidAU/Qwen3.6-27B-Fable-Fusion-711-Uncensored-Heretic-NM-DAU-NEO-MAX-MTP-GGUF/data/20260809-163845-chat
20260809-170831-chat	a52c39f	gb10-1988a9714b4e	DavidAU/Qwen3.6-27B-Fable-Fusion-711-Uncensored-Heretic-NM-DAU-NEO-MAX-MTP-GGUF	chat(512/256)	llamacpp@0865990	19ef11e7	launchers/LCPP-DavidAU_Qwen3.6-27B-FF711_NEO-MAX-MTP.smoke-runbook.sh	na	180	42	16.71	na	na	65.57	na	56.4	c1:10/0/0;c16:42/15/0	ok	levels=1|16,max_s=180,seed=42,prompt=512,output=256,stall=na,ltimeout=na,gllm=0.6.0	measured	cfg=mtp-d1 quant=Qwen3.6-27B-Fable-Fus-711-UnHeretic-NM-DAU-NEO-MAX-NEO-MTP-Q5_K_M np=16 temp=0 exp=20260809-170718 n1	results/gb10-1988a9714b4e/DavidAU/Qwen3.6-27B-Fable-Fusion-711-Uncensored-Heretic-NM-DAU-NEO-MAX-MTP-GGUF/data/20260809-170831-chat
20260809-171450-chat	a52c39f	gb10-1988a9714b4e	DavidAU/Qwen3.6-27B-Fable-Fusion-711-Uncensored-Heretic-NM-DAU-NEO-MAX-MTP-GGUF	chat(512/256)	llamacpp@0865990	19ef11e7	launchers/LCPP-DavidAU_Qwen3.6-27B-FF711_NEO-MAX-MTP.smoke-runbook.sh	na	180	42	16.53	na	na	64.3	na	55.8	c1:10/0/0;c16:40/15/0	ok	levels=1|16,max_s=180,seed=42,prompt=512,output=256,stall=na,ltimeout=na,gllm=0.6.0	measured	cfg=mtp-d1 quant=Qwen3.6-27B-Fable-Fus-711-UnHeretic-NM-DAU-NEO-MAX-NEO-MTP-Q5_K_M np=16 temp=0 exp=20260809-170718 n2	results/gb10-1988a9714b4e/DavidAU/Qwen3.6-27B-Fable-Fusion-711-Uncensored-Heretic-NM-DAU-NEO-MAX-MTP-GGUF/data/20260809-171450-chat
20260809-172113-chat	a52c39f	gb10-1988a9714b4e	DavidAU/Qwen3.6-27B-Fable-Fusion-711-Uncensored-Heretic-NM-DAU-NEO-MAX-MTP-GGUF	chat(512/256)	llamacpp@0865990	19ef11e7	launchers/LCPP-DavidAU_Qwen3.6-27B-FF711_NEO-MAX-MTP.smoke-runbook.sh	na	180	42	16.61	na	na	63.58	na	56.4	c1:10/0/0;c16:40/15/0	ok	levels=1|16,max_s=180,seed=42,prompt=512,output=256,stall=na,ltimeout=na,gllm=0.6.0	measured	cfg=mtp-d1 quant=Qwen3.6-27B-Fable-Fus-711-UnHeretic-NM-DAU-NEO-MAX-NEO-MTP-Q5_K_M np=16 temp=0 exp=20260809-170718 n3	results/gb10-1988a9714b4e/DavidAU/Qwen3.6-27B-Fable-Fusion-711-Uncensored-Heretic-NM-DAU-NEO-MAX-MTP-GGUF/data/20260809-172113-chat
20260809-172828-chat	a52c39f	gb10-1988a9714b4e	DavidAU/Qwen3.6-27B-Fable-Fusion-711-Uncensored-Heretic-NM-DAU-NEO-MAX-MTP-GGUF	chat(512/256)	llamacpp@0865990	75244ff5	launchers/LCPP-DavidAU_Qwen3.6-27B-FF711_NEO-MAX-MTP.smoke-runbook.sh	na	180	42	19.86	na	na	60.82	na	61.7	c1:13/0/0;c16:39/15/0	ok	levels=1|16,max_s=180,seed=42,prompt=512,output=256,stall=na,ltimeout=na,gllm=0.6.0	measured	cfg=mtp-d3 quant=Qwen3.6-27B-Fable-Fus-711-UnHeretic-NM-DAU-NEO-MAX-NEO-MTP-Q5_K_M np=16 temp=0 exp=20260809-172735 n1	results/gb10-1988a9714b4e/DavidAU/Qwen3.6-27B-Fable-Fusion-711-Uncensored-Heretic-NM-DAU-NEO-MAX-MTP-GGUF/data/20260809-172828-chat
20260809-173453-chat	a52c39f	gb10-1988a9714b4e	DavidAU/Qwen3.6-27B-Fable-Fusion-711-Uncensored-Heretic-NM-DAU-NEO-MAX-MTP-GGUF	chat(512/256)	llamacpp@0865990	75244ff5	launchers/LCPP-DavidAU_Qwen3.6-27B-FF711_NEO-MAX-MTP.smoke-runbook.sh	na	180	42	20.03	na	na	61.58	na	61.8	c1:12/0/0;c16:40/15/0	ok	levels=1|16,max_s=180,seed=42,prompt=512,output=256,stall=na,ltimeout=na,gllm=0.6.0	measured	cfg=mtp-d3 quant=Qwen3.6-27B-Fable-Fus-711-UnHeretic-NM-DAU-NEO-MAX-NEO-MTP-Q5_K_M np=16 temp=0 exp=20260809-172735 n2	results/gb10-1988a9714b4e/DavidAU/Qwen3.6-27B-Fable-Fusion-711-Uncensored-Heretic-NM-DAU-NEO-MAX-MTP-GGUF/data/20260809-173453-chat
20260809-174112-chat	a52c39f	gb10-1988a9714b4e	DavidAU/Qwen3.6-27B-Fable-Fusion-711-Uncensored-Heretic-NM-DAU-NEO-MAX-MTP-GGUF	chat(512/256)	llamacpp@0865990	75244ff5	launchers/LCPP-DavidAU_Qwen3.6-27B-FF711_NEO-MAX-MTP.smoke-runbook.sh	na	180	42	20.01	na	na	64.53	na	60.9	c1:12/0/0;c16:40/15/0	ok	levels=1|16,max_s=180,seed=42,prompt=512,output=256,stall=na,ltimeout=na,gllm=0.6.0	measured	cfg=mtp-d3 quant=Qwen3.6-27B-Fable-Fus-711-UnHeretic-NM-DAU-NEO-MAX-NEO-MTP-Q5_K_M np=16 temp=0 exp=20260809-172735 n3	results/gb10-1988a9714b4e/DavidAU/Qwen3.6-27B-Fable-Fusion-711-Uncensored-Heretic-NM-DAU-NEO-MAX-MTP-GGUF/data/20260809-174112-chat
20260809-174834-chat	a52c39f	gb10-1988a9714b4e	DavidAU/Qwen3.6-27B-Fable-Fusion-711-Uncensored-Heretic-NM-DAU-NEO-MAX-MTP-GGUF	chat(512/256)	llamacpp@0865990	254e5521	launchers/LCPP-DavidAU_Qwen3.6-27B-FF711_NEO-MAX-MTP.smoke-runbook.sh	na	180	42	20.24	na	na	65.43	na	56.2	c1:13/0/0;c16:43/15/0	ok	levels=1|16,max_s=180,seed=42,prompt=512,output=256,stall=na,ltimeout=na,gllm=0.6.0	measured	cfg=q4km quant=Qwen3.6-27B-Fable-Fus-711-UnHeretic-NM-DAU-NEO-MAX-NEO-MTP-Q4_K_M np=16 temp=0 exp=20260809-174729 n1	results/gb10-1988a9714b4e/DavidAU/Qwen3.6-27B-Fable-Fusion-711-Uncensored-Heretic-NM-DAU-NEO-MAX-MTP-GGUF/data/20260809-174834-chat
20260809-175455-chat	a52c39f	gb10-1988a9714b4e	DavidAU/Qwen3.6-27B-Fable-Fusion-711-Uncensored-Heretic-NM-DAU-NEO-MAX-MTP-GGUF	chat(512/256)	llamacpp@0865990	254e5521	launchers/LCPP-DavidAU_Qwen3.6-27B-FF711_NEO-MAX-MTP.smoke-runbook.sh	na	180	42	19.93	na	na	63.37	na	57.1	c1:13/0/0;c16:42/15/0	ok	levels=1|16,max_s=180,seed=42,prompt=512,output=256,stall=na,ltimeout=na,gllm=0.6.0	measured	cfg=q4km quant=Qwen3.6-27B-Fable-Fus-711-UnHeretic-NM-DAU-NEO-MAX-NEO-MTP-Q4_K_M np=16 temp=0 exp=20260809-174729 n2	results/gb10-1988a9714b4e/DavidAU/Qwen3.6-27B-Fable-Fusion-711-Uncensored-Heretic-NM-DAU-NEO-MAX-MTP-GGUF/data/20260809-175455-chat
20260809-180126-chat	a52c39f	gb10-1988a9714b4e	DavidAU/Qwen3.6-27B-Fable-Fusion-711-Uncensored-Heretic-NM-DAU-NEO-MAX-MTP-GGUF	chat(512/256)	llamacpp@0865990	254e5521	launchers/LCPP-DavidAU_Qwen3.6-27B-FF711_NEO-MAX-MTP.smoke-runbook.sh	na	180	42	20.1	na	na	62.7	na	56.2	c1:13/0/0;c16:41/15/0	ok	levels=1|16,max_s=180,seed=42,prompt=512,output=256,stall=na,ltimeout=na,gllm=0.6.0	measured	cfg=q4km quant=Qwen3.6-27B-Fable-Fus-711-UnHeretic-NM-DAU-NEO-MAX-NEO-MTP-Q4_K_M np=16 temp=0 exp=20260809-174729 n3	results/gb10-1988a9714b4e/DavidAU/Qwen3.6-27B-Fable-Fusion-711-Uncensored-Heretic-NM-DAU-NEO-MAX-MTP-GGUF/data/20260809-180126-chat
20260809-180911-chat	a52c39f	gb10-1988a9714b4e	DavidAU/Qwen3.6-27B-Fable-Fusion-711-Uncensored-Heretic-NM-DAU-NEO-MAX-MTP-GGUF	chat(512/256)	llamacpp@0865990	b94152d7	launchers/LCPP-DavidAU_Qwen3.6-27B-FF711_NEO-MAX-MTP.smoke-runbook.sh	na	180	42	16.89	na	na	59.86	na	58.9	c1:11/0/0;c16:36/15/0	ok	levels=1|16,max_s=180,seed=42,prompt=512,output=256,stall=na,ltimeout=na,gllm=0.6.0	measured	cfg=q6k quant=Qwen3.6-27B-Fable-Fus-711-UnHeretic-NM-DAU-NEO-MAX-NEO-MTP-Q6_K np=16 temp=0 exp=20260809-180748 n1	results/gb10-1988a9714b4e/DavidAU/Qwen3.6-27B-Fable-Fusion-711-Uncensored-Heretic-NM-DAU-NEO-MAX-MTP-GGUF/data/20260809-180911-chat
20260809-181539-chat	a52c39f	gb10-1988a9714b4e	DavidAU/Qwen3.6-27B-Fable-Fusion-711-Uncensored-Heretic-NM-DAU-NEO-MAX-MTP-GGUF	chat(512/256)	llamacpp@0865990	b94152d7	launchers/LCPP-DavidAU_Qwen3.6-27B-FF711_NEO-MAX-MTP.smoke-runbook.sh	na	180	42	16.88	na	na	58.63	na	59.4	c1:11/0/0;c16:35/15/0	ok	levels=1|16,max_s=180,seed=42,prompt=512,output=256,stall=na,ltimeout=na,gllm=0.6.0	measured	cfg=q6k quant=Qwen3.6-27B-Fable-Fus-711-UnHeretic-NM-DAU-NEO-MAX-NEO-MTP-Q6_K np=16 temp=0 exp=20260809-180748 n2	results/gb10-1988a9714b4e/DavidAU/Qwen3.6-27B-Fable-Fusion-711-Uncensored-Heretic-NM-DAU-NEO-MAX-MTP-GGUF/data/20260809-181539-chat
20260809-182207-chat	a52c39f	gb10-1988a9714b4e	DavidAU/Qwen3.6-27B-Fable-Fusion-711-Uncensored-Heretic-NM-DAU-NEO-MAX-MTP-GGUF	chat(512/256)	llamacpp@0865990	b94152d7	launchers/LCPP-DavidAU_Qwen3.6-27B-FF711_NEO-MAX-MTP.smoke-runbook.sh	na	180	42	17.08	na	na	54.07	na	59.3	c1:10/0/0;c16:33/15/0	ok	levels=1|16,max_s=180,seed=42,prompt=512,output=256,stall=na,ltimeout=na,gllm=0.6.0	measured	cfg=q6k quant=Qwen3.6-27B-Fable-Fus-711-UnHeretic-NM-DAU-NEO-MAX-NEO-MTP-Q6_K np=16 temp=0 exp=20260809-180748 n3	results/gb10-1988a9714b4e/DavidAU/Qwen3.6-27B-Fable-Fusion-711-Uncensored-Heretic-NM-DAU-NEO-MAX-MTP-GGUF/data/20260809-182207-chat
20260809-184854-chat	a52c39f	gb10-1988a9714b4e	DavidAU/Qwen3.6-27B-Fable-Fusion-711-Uncensored-Heretic-NM-DAU-NEO-MAX-MTP-GGUF	chat(512/256)	llamacpp@0865990	8b07e87b	launchers/LCPP-DavidAU_Qwen3.6-27B-FF711_NEO-MAX-MTP.smoke-runbook.sh	na	180	42	18.88	28.02	36.05	70.32	na	57.2	c1:12/0/0;c4:20/3/0;c8:21/7/0;c16:42/15/0	ok	levels=1|4|8|16,max_s=180,seed=42,prompt=512,output=256,stall=na,ltimeout=na,gllm=0.6.0	measured	cfg=final-q5km-mtp-d2-np16 quant=Qwen3.6-27B-Fable-Fus-711-UnHeretic-NM-DAU-NEO-MAX-NEO-MTP-Q5_K_M np=16 temp=0 finalize full sweep (c32 omitted: exceeds np=16 slots, would measure queueing)	results/gb10-1988a9714b4e/DavidAU/Qwen3.6-27B-Fable-Fusion-711-Uncensored-Heretic-NM-DAU-NEO-MAX-MTP-GGUF/data/20260809-184854-chat
20260815-174443-chat	b872c60	gb10-1988a9714b4e	Inferact/Qwen3.8-27B-NVFP4	chat(512/256)	vllm@0.27.1(img:sha256:0a51ea5b4ae2)	92de8fb3	runbooks/Inferact/Qwen3.8-27B-NVFP4/baseline.sh	402	600	42	10.34	37.49	68.92	116.63	177.34	73.5	c1:24/0/0;c4:83/3/0;c8:157/7/0;c16:266/15/0;c32:395/32/0	ok	levels=1|4|8|16|32,max_s=600,seed=42,prompt=512,output=256,stall=na,ltimeout=na,gllm=0.6.0	measured	suite full-sweep; thermal=72C/38W	results/gb10-1988a9714b4e/Inferact/Qwen3.8-27B-NVFP4/data/20260815-174443-chat
20260816-030252-chat	00d627e	gb10-1988a9714b4e	Inferact/Qwen3.8-27B-NVFP4	chat(512/256)	vllm@0.27.1(img:sha256:0a51ea5b4ae2)	d9c30b8f	runbooks/Inferact/Qwen3.8-27B-NVFP4/20260816_mtp-n2_tuned.sh	478	300	42	17.25	na	na	150.46	na	69.9	c1:20/0/0;c16:170/15/0	ok	levels=1|16,max_s=300,seed=42,prompt=512,output=256,stall=na,ltimeout=na,gllm=0.6.0	measured	exp=20260816-025409 n1; thermal=73C/37W	results/gb10-1988a9714b4e/Inferact/Qwen3.8-27B-NVFP4/data/20260816-030252-chat
20260816-031322-chat	00d627e	gb10-1988a9714b4e	Inferact/Qwen3.8-27B-NVFP4	chat(512/256)	vllm@0.27.1(img:sha256:0a51ea5b4ae2)	d9c30b8f	runbooks/Inferact/Qwen3.8-27B-NVFP4/20260816_mtp-n2_tuned.sh	478	300	42	16.81	na	na	151.9	na	69.9	c1:19/0/0;c16:173/15/0	ok	levels=1|16,max_s=300,seed=42,prompt=512,output=256,stall=na,ltimeout=na,gllm=0.6.0	measured	exp=20260816-025409 n2; thermal=71C/39W	results/gb10-1988a9714b4e/Inferact/Qwen3.8-27B-NVFP4/data/20260816-031322-chat
20260816-032342-chat	00d627e	gb10-1988a9714b4e	Inferact/Qwen3.8-27B-NVFP4	chat(512/256)	vllm@0.27.1(img:sha256:0a51ea5b4ae2)	d9c30b8f	runbooks/Inferact/Qwen3.8-27B-NVFP4/20260816_mtp-n2_tuned.sh	478	300	42	16.86	na	na	150.98	na	69.9	c1:20/0/0;c16:170/15/0	ok	levels=1|16,max_s=300,seed=42,prompt=512,output=256,stall=na,ltimeout=na,gllm=0.6.0	measured	exp=20260816-025409 n3; thermal=70C/38W	results/gb10-1988a9714b4e/Inferact/Qwen3.8-27B-NVFP4/data/20260816-032342-chat
20260816-142542-chat	1575b65	gb10-1988a9714b4e	Inferact/Qwen3.8-27B-NVFP4	chat(512/256)	vllm@0.27.1(img:sha256:0a51ea5b4ae2)	2710893d	runbooks/Inferact/Qwen3.8-27B-NVFP4/20260816_mtp-n1_tuned.sh	457	300	42	15.55	na	na	151.63	na	69.6	c1:17/0/0;c16:170/16/0	ok	levels=1|16,max_s=300,seed=42,prompt=512,output=256,stall=na,ltimeout=na,gllm=0.6.0	measured	exp=20260816-141746 n1; thermal=75C/38W	results/gb10-1988a9714b4e/Inferact/Qwen3.8-27B-NVFP4/data/20260816-142542-chat
20260816-143609-chat	1575b65	gb10-1988a9714b4e	Inferact/Qwen3.8-27B-NVFP4	chat(512/256)	vllm@0.27.1(img:sha256:0a51ea5b4ae2)	2710893d	runbooks/Inferact/Qwen3.8-27B-NVFP4/20260816_mtp-n1_tuned.sh	457	300	42	15.97	na	na	151.5	na	69.6	c1:18/0/0;c16:171/15/0	ok	levels=1|16,max_s=300,seed=42,prompt=512,output=256,stall=na,ltimeout=na,gllm=0.6.0	measured	exp=20260816-141746 n2; thermal=71C/38W	results/gb10-1988a9714b4e/Inferact/Qwen3.8-27B-NVFP4/data/20260816-143609-chat
20260816-144633-chat	1575b65	gb10-1988a9714b4e	Inferact/Qwen3.8-27B-NVFP4	chat(512/256)	vllm@0.27.1(img:sha256:0a51ea5b4ae2)	2710893d	runbooks/Inferact/Qwen3.8-27B-NVFP4/20260816_mtp-n1_tuned.sh	457	300	42	15.81	na	na	154.93	na	69.7	c1:17/0/0;c16:175/15/0	ok	levels=1|16,max_s=300,seed=42,prompt=512,output=256,stall=na,ltimeout=na,gllm=0.6.0	measured	exp=20260816-141746 n3; thermal=70C/38W	results/gb10-1988a9714b4e/Inferact/Qwen3.8-27B-NVFP4/data/20260816-144633-chat
20260816-150602-chat	1575b65	gb10-1988a9714b4e	Inferact/Qwen3.8-27B-NVFP4	chat(512/256)	vllm@0.27.1(img:sha256:0a51ea5b4ae2)	dd2f3eef	runbooks/Inferact/Qwen3.8-27B-NVFP4/20260816_mtp-n3_tuned.sh	442	300	42	16.13	na	na	167.91	na	69.9	c1:19/0/0;c16:187/15/0	ok	levels=1|16,max_s=300,seed=42,prompt=512,output=256,stall=na,ltimeout=na,gllm=0.6.0	measured	exp=20260816-145754 n1; thermal=74C/41W	results/gb10-1988a9714b4e/Inferact/Qwen3.8-27B-NVFP4/data/20260816-150602-chat
20260816-151632-chat	1575b65	gb10-1988a9714b4e	Inferact/Qwen3.8-27B-NVFP4	chat(512/256)	vllm@0.27.1(img:sha256:0a51ea5b4ae2)	dd2f3eef	runbooks/Inferact/Qwen3.8-27B-NVFP4/20260816_mtp-n3_tuned.sh	442	300	42	18.68	na	na	161.55	na	69.9	c1:20/1/0;c16:183/15/0	ok	levels=1|16,max_s=300,seed=42,prompt=512,output=256,stall=na,ltimeout=na,gllm=0.6.0	measured	exp=20260816-145754 n2; thermal=73C/40W	results/gb10-1988a9714b4e/Inferact/Qwen3.8-27B-NVFP4/data/20260816-151632-chat
20260816-152655-chat	1575b65	gb10-1988a9714b4e	Inferact/Qwen3.8-27B-NVFP4	chat(512/256)	vllm@0.27.1(img:sha256:0a51ea5b4ae2)	dd2f3eef	runbooks/Inferact/Qwen3.8-27B-NVFP4/20260816_mtp-n3_tuned.sh	442	300	42	17.58	na	na	167.66	na	69.9	c1:21/0/0;c16:191/15/0	ok	levels=1|16,max_s=300,seed=42,prompt=512,output=256,stall=na,ltimeout=na,gllm=0.6.0	measured	exp=20260816-145754 n3; thermal=72C/40W	results/gb10-1988a9714b4e/Inferact/Qwen3.8-27B-NVFP4/data/20260816-152655-chat
20260816-165725-chat	134dba5	gb10-1988a9714b4e	Inferact/Qwen3.8-27B-NVFP4	chat(512/256)	vllm@0.27.1(img:sha256:0a51ea5b4ae2)	b6fce911	runbooks/Inferact/Qwen3.8-27B-NVFP4/20260816_mtp-n4_tuned.sh	467	300	42	18.3	na	na	162.6	na	70.3	c1:20/0/0;c16:184/15/0	ok	levels=1|16,max_s=300,seed=42,prompt=512,output=256,stall=na,ltimeout=na,gllm=0.6.0	measured	exp=20260816-164854 n1; thermal=74C/41W	results/gb10-1988a9714b4e/Inferact/Qwen3.8-27B-NVFP4/data/20260816-165725-chat
20260816-170744-chat	134dba5	gb10-1988a9714b4e	Inferact/Qwen3.8-27B-NVFP4	chat(512/256)	vllm@0.27.1(img:sha256:0a51ea5b4ae2)	b6fce911	runbooks/Inferact/Qwen3.8-27B-NVFP4/20260816_mtp-n4_tuned.sh	467	300	42	16.5	na	na	158.04	na	70.2	c1:19/0/0;c16:181/15/0	ok	levels=1|16,max_s=300,seed=42,prompt=512,output=256,stall=na,ltimeout=na,gllm=0.6.0	measured	exp=20260816-164854 n2; thermal=72C/40W	results/gb10-1988a9714b4e/Inferact/Qwen3.8-27B-NVFP4/data/20260816-170744-chat
20260816-171807-chat	134dba5	gb10-1988a9714b4e	Inferact/Qwen3.8-27B-NVFP4	chat(512/256)	vllm@0.27.1(img:sha256:0a51ea5b4ae2)	b6fce911	runbooks/Inferact/Qwen3.8-27B-NVFP4/20260816_mtp-n4_tuned.sh	467	300	42	18.23	na	na	154.88	na	70.3	c1:21/0/0;c16:179/15/0	ok	levels=1|16,max_s=300,seed=42,prompt=512,output=256,stall=na,ltimeout=na,gllm=0.6.0	measured	exp=20260816-164854 n3; thermal=72C/40W	results/gb10-1988a9714b4e/Inferact/Qwen3.8-27B-NVFP4/data/20260816-171807-chat
20260816-173728-chat	134dba5	gb10-1988a9714b4e	Inferact/Qwen3.8-27B-NVFP4	chat(512/256)	vllm@0.27.1(img:sha256:0a51ea5b4ae2)	4b843385	runbooks/Inferact/Qwen3.8-27B-NVFP4/20260816_mtp-n5_tuned.sh	437	300	42	15.72	na	na	155.02	na	69.9	c1:18/0/0;c16:174/15/0	ok	levels=1|16,max_s=300,seed=42,prompt=512,output=256,stall=na,ltimeout=na,gllm=0.6.0	measured	exp=20260816-172928 n1; thermal=76C/41W	results/gb10-1988a9714b4e/Inferact/Qwen3.8-27B-NVFP4/data/20260816-173728-chat
20260816-174750-chat	134dba5	gb10-1988a9714b4e	Inferact/Qwen3.8-27B-NVFP4	chat(512/256)	vllm@0.27.1(img:sha256:0a51ea5b4ae2)	4b843385	runbooks/Inferact/Qwen3.8-27B-NVFP4/20260816_mtp-n5_tuned.sh	437	300	42	15.58	na	na	150.7	na	69.9	c1:17/0/0;c16:172/15/0	ok	levels=1|16,max_s=300,seed=42,prompt=512,output=256,stall=na,ltimeout=na,gllm=0.6.0	measured	exp=20260816-172928 n2; thermal=73C/40W	results/gb10-1988a9714b4e/Inferact/Qwen3.8-27B-NVFP4/data/20260816-174750-chat
20260816-175816-chat	134dba5	gb10-1988a9714b4e	Inferact/Qwen3.8-27B-NVFP4	chat(512/256)	vllm@0.27.1(img:sha256:0a51ea5b4ae2)	4b843385	runbooks/Inferact/Qwen3.8-27B-NVFP4/20260816_mtp-n5_tuned.sh	437	300	42	16.95	na	na	149.88	na	69.9	c1:19/0/0;c16:173/15/0	ok	levels=1|16,max_s=300,seed=42,prompt=512,output=256,stall=na,ltimeout=na,gllm=0.6.0	measured	exp=20260816-172928 n3; thermal=72C/41W	results/gb10-1988a9714b4e/Inferact/Qwen3.8-27B-NVFP4/data/20260816-175816-chat
20260816-190354-chat	733f731	gb10-1988a9714b4e	Inferact/Qwen3.8-27B-NVFP4	chat(512/256)	vllm@0.27.1(img:sha256:0a51ea5b4ae2)	f85982bb	runbooks/Inferact/Qwen3.8-27B-NVFP4/20260816_n3-batchtok16k_tuned.sh	628	300	42	16.94	na	na	166.82	na	70.2	c1:20/0/0;c16:189/15/0	ok	levels=1|16,max_s=300,seed=42,prompt=512,output=256,stall=na,ltimeout=na,gllm=0.6.0	measured	exp=20260816-185242 n1; thermal=72C/39W	results/gb10-1988a9714b4e/Inferact/Qwen3.8-27B-NVFP4/data/20260816-190354-chat
20260816-191427-chat	733f731	gb10-1988a9714b4e	Inferact/Qwen3.8-27B-NVFP4	chat(512/256)	vllm@0.27.1(img:sha256:0a51ea5b4ae2)	f85982bb	runbooks/Inferact/Qwen3.8-27B-NVFP4/20260816_n3-batchtok16k_tuned.sh	628	300	42	17.5	na	na	170.46	na	70.2	c1:20/0/0;c16:194/16/0	ok	levels=1|16,max_s=300,seed=42,prompt=512,output=256,stall=na,ltimeout=na,gllm=0.6.0	measured	exp=20260816-185242 n2; thermal=70C/40W	results/gb10-1988a9714b4e/Inferact/Qwen3.8-27B-NVFP4/data/20260816-191427-chat
20260816-192451-chat	733f731	gb10-1988a9714b4e	Inferact/Qwen3.8-27B-NVFP4	chat(512/256)	vllm@0.27.1(img:sha256:0a51ea5b4ae2)	f85982bb	runbooks/Inferact/Qwen3.8-27B-NVFP4/20260816_n3-batchtok16k_tuned.sh	628	300	42	16.81	na	na	167.85	na	70.2	c1:19/0/0;c16:192/15/0	ok	levels=1|16,max_s=300,seed=42,prompt=512,output=256,stall=na,ltimeout=na,gllm=0.6.0	measured	exp=20260816-185242 n3; thermal=72C/40W	results/gb10-1988a9714b4e/Inferact/Qwen3.8-27B-NVFP4/data/20260816-192451-chat
20260816-194425-chat	733f731	gb10-1988a9714b4e	Inferact/Qwen3.8-27B-NVFP4	chat(512/256)	vllm@0.27.1(img:sha256:0a51ea5b4ae2)	5a8b4a8e	runbooks/Inferact/Qwen3.8-27B-NVFP4/20260816_n3-kda-flashkda_tuned.sh	442	300	42	17.51	na	na	167.73	na	70.9	c1:20/0/0;c16:187/16/0	ok	levels=1|16,max_s=300,seed=42,prompt=512,output=256,stall=na,ltimeout=na,gllm=0.6.0	measured	exp=20260816-193619 n1; thermal=75C/41W	results/gb10-1988a9714b4e/Inferact/Qwen3.8-27B-NVFP4/data/20260816-194425-chat
20260816-195446-chat	733f731	gb10-1988a9714b4e	Inferact/Qwen3.8-27B-NVFP4	chat(512/256)	vllm@0.27.1(img:sha256:0a51ea5b4ae2)	5a8b4a8e	runbooks/Inferact/Qwen3.8-27B-NVFP4/20260816_n3-kda-flashkda_tuned.sh	442	300	42	17.69	na	na	168.94	na	71.0	c1:21/0/0;c16:191/15/0	ok	levels=1|16,max_s=300,seed=42,prompt=512,output=256,stall=na,ltimeout=na,gllm=0.6.0	measured	exp=20260816-193619 n2; thermal=72C/40W	results/gb10-1988a9714b4e/Inferact/Qwen3.8-27B-NVFP4/data/20260816-195446-chat
20260816-200515-chat	733f731	gb10-1988a9714b4e	Inferact/Qwen3.8-27B-NVFP4	chat(512/256)	vllm@0.27.1(img:sha256:0a51ea5b4ae2)	5a8b4a8e	runbooks/Inferact/Qwen3.8-27B-NVFP4/20260816_n3-kda-flashkda_tuned.sh	442	300	42	17.8	na	na	168.06	na	71.0	c1:20/0/0;c16:188/15/0	ok	levels=1|16,max_s=300,seed=42,prompt=512,output=256,stall=na,ltimeout=na,gllm=0.6.0	measured	exp=20260816-193619 n3; thermal=72C/40W	results/gb10-1988a9714b4e/Inferact/Qwen3.8-27B-NVFP4/data/20260816-200515-chat
20260816-202448-chat	733f731	gb10-1988a9714b4e	Inferact/Qwen3.8-27B-NVFP4	chat(512/256)	vllm@0.27.1(img:sha256:0a51ea5b4ae2)	0bbe6758	runbooks/Inferact/Qwen3.8-27B-NVFP4/20260816_n3-prefixcache_tuned.sh	442	300	42	16.91	na	na	166.76	na	70.5	c1:20/0/0;c16:188/15/0	ok	levels=1|16,max_s=300,seed=42,prompt=512,output=256,stall=na,ltimeout=na,gllm=0.6.0	measured	exp=20260816-201642 n1; thermal=74C/40W	results/gb10-1988a9714b4e/Inferact/Qwen3.8-27B-NVFP4/data/20260816-202448-chat
20260816-203519-chat	733f731	gb10-1988a9714b4e	Inferact/Qwen3.8-27B-NVFP4	chat(512/256)	vllm@0.27.1(img:sha256:0a51ea5b4ae2)	0bbe6758	runbooks/Inferact/Qwen3.8-27B-NVFP4/20260816_n3-prefixcache_tuned.sh	442	300	42	17.26	na	na	170.18	na	70.5	c1:20/0/0;c16:193/15/0	ok	levels=1|16,max_s=300,seed=42,prompt=512,output=256,stall=na,ltimeout=na,gllm=0.6.0	measured	exp=20260816-201642 n2; thermal=72C/40W	results/gb10-1988a9714b4e/Inferact/Qwen3.8-27B-NVFP4/data/20260816-203519-chat
20260816-204544-chat	733f731	gb10-1988a9714b4e	Inferact/Qwen3.8-27B-NVFP4	chat(512/256)	vllm@0.27.1(img:sha256:0a51ea5b4ae2)	0bbe6758	runbooks/Inferact/Qwen3.8-27B-NVFP4/20260816_n3-prefixcache_tuned.sh	442	300	42	16.95	na	na	165.84	na	70.5	c1:20/0/0;c16:190/15/0	ok	levels=1|16,max_s=300,seed=42,prompt=512,output=256,stall=na,ltimeout=na,gllm=0.6.0	measured	exp=20260816-201642 n3; thermal=72C/39W	results/gb10-1988a9714b4e/Inferact/Qwen3.8-27B-NVFP4/data/20260816-204544-chat
20260816-210549-chat	733f731	gb10-1988a9714b4e	Inferact/Qwen3.8-27B-NVFP4	chat(512/256)	vllm@0.27.1(img:sha256:0a51ea5b4ae2)	3b07f05e	runbooks/Inferact/Qwen3.8-27B-NVFP4/20260816_n3-util06_tuned.sh	472	300	42	16.7	na	na	165.87	na	82.1	c1:19/1/0;c16:185/15/0	ok	levels=1|16,max_s=300,seed=42,prompt=512,output=256,stall=na,ltimeout=na,gllm=0.6.0	measured	exp=20260816-205715 n1; thermal=74C/39W	results/gb10-1988a9714b4e/Inferact/Qwen3.8-27B-NVFP4/data/20260816-210549-chat
20260816-211623-chat	733f731	gb10-1988a9714b4e	Inferact/Qwen3.8-27B-NVFP4	chat(512/256)	vllm@0.27.1(img:sha256:0a51ea5b4ae2)	3b07f05e	runbooks/Inferact/Qwen3.8-27B-NVFP4/20260816_n3-util06_tuned.sh	472	300	42	17.67	na	na	170.49	na	82.1	c1:20/0/0;c16:192/16/0	ok	levels=1|16,max_s=300,seed=42,prompt=512,output=256,stall=na,ltimeout=na,gllm=0.6.0	measured	exp=20260816-205715 n2; thermal=71C/41W	results/gb10-1988a9714b4e/Inferact/Qwen3.8-27B-NVFP4/data/20260816-211623-chat
20260816-212644-chat	733f731	gb10-1988a9714b4e	Inferact/Qwen3.8-27B-NVFP4	chat(512/256)	vllm@0.27.1(img:sha256:0a51ea5b4ae2)	3b07f05e	runbooks/Inferact/Qwen3.8-27B-NVFP4/20260816_n3-util06_tuned.sh	472	300	42	17.65	na	na	166.69	na	82.1	c1:19/1/0;c16:193/15/0	ok	levels=1|16,max_s=300,seed=42,prompt=512,output=256,stall=na,ltimeout=na,gllm=0.6.0	measured	exp=20260816-205715 n3; thermal=71C/40W	results/gb10-1988a9714b4e/Inferact/Qwen3.8-27B-NVFP4/data/20260816-212644-chat
20260816-214456-chat	733f731	gb10-1988a9714b4e	Inferact/Qwen3.8-27B-NVFP4	chat(512/256)	vllm@0.27.1(img:sha256:0a51ea5b4ae2)	50a2f763	runbooks/Inferact/Qwen3.8-27B-NVFP4/20260816_n3-kvfp8_tuned.sh	392	300	42	16.65	na	na	166.13	na	69.6	c1:19/0/0;c16:187/15/0	ok	levels=1|16,max_s=300,seed=42,prompt=512,output=256,stall=na,ltimeout=na,gllm=0.6.0	measured	exp=20260816-213808 n1; thermal=77C/40W	results/gb10-1988a9714b4e/Inferact/Qwen3.8-27B-NVFP4/data/20260816-214456-chat
20260816-215519-chat	733f731	gb10-1988a9714b4e	Inferact/Qwen3.8-27B-NVFP4	chat(512/256)	vllm@0.27.1(img:sha256:0a51ea5b4ae2)	50a2f763	runbooks/Inferact/Qwen3.8-27B-NVFP4/20260816_n3-kvfp8_tuned.sh	392	300	42	18.32	na	na	169.92	na	69.6	c1:22/0/0;c16:193/15/0	ok	levels=1|16,max_s=300,seed=42,prompt=512,output=256,stall=na,ltimeout=na,gllm=0.6.0	measured	exp=20260816-213808 n2; thermal=71C/40W	results/gb10-1988a9714b4e/Inferact/Qwen3.8-27B-NVFP4/data/20260816-215519-chat
20260816-220549-chat	733f731	gb10-1988a9714b4e	Inferact/Qwen3.8-27B-NVFP4	chat(512/256)	vllm@0.27.1(img:sha256:0a51ea5b4ae2)	50a2f763	runbooks/Inferact/Qwen3.8-27B-NVFP4/20260816_n3-kvfp8_tuned.sh	392	300	42	17.01	na	na	165.38	na	69.6	c1:20/0/0;c16:189/15/0	ok	levels=1|16,max_s=300,seed=42,prompt=512,output=256,stall=na,ltimeout=na,gllm=0.6.0	measured	exp=20260816-213808 n3; thermal=72C/40W	results/gb10-1988a9714b4e/Inferact/Qwen3.8-27B-NVFP4/data/20260816-220549-chat
20260817-195708-chat	2f4a5eb	gb10-1988a9714b4e	Inferact/Qwen3.8-27B-NVFP4	chat(512/256)	vllm@0.27.1(img:sha256:0a51ea5b4ae2)	dd2f3eef	runbooks/Inferact/Qwen3.8-27B-NVFP4/20260816_mtp-n3_tuned.sh	477	180	42	17.15	67.08	109.73	171.12	214.33	71.6	c1:12/0/0;c4:46/3/0;c8:72/7/0;c16:113/15/0;c32:136/31/0	ok	levels=1|4|8|16|32,max_s=180,seed=42,prompt=512,output=256,stall=na,ltimeout=na,gllm=0.6.0	measured	suite full-sweep; thermal=74C/42W	results/gb10-1988a9714b4e/Inferact/Qwen3.8-27B-NVFP4/data/20260817-195708-chat
20260815-183535-coder	b872c60	gb10-1988a9714b4e	Inferact/Qwen3.8-27B-NVFP4	coder(4096/1024)	vllm@0.27.1(img:sha256:0a51ea5b4ae2)	92de8fb3	runbooks/Inferact/Qwen3.8-27B-NVFP4/baseline.sh	402	600	42	12.62	32.21	54.65	82.98	102.02	73.5	c1:5/0/0;c4:20/3/0;c8:32/7/0;c16:48/15/0;c32:55/31/0	ok	levels=1|4|8|16|32,max_s=600,seed=42,prompt=4096,output=1024,stall=na,ltimeout=na,gllm=0.6.0	measured	suite full-sweep; thermal=75C/39W	results/gb10-1988a9714b4e/Inferact/Qwen3.8-27B-NVFP4/data/20260815-183535-coder
20260818-082342-coder	c83624a	gb10-1988a9714b4e	Inferact/Qwen3.8-27B-NVFP4	coder(4096/1024)	vllm@0.27.1(img:sha256:0a51ea5b4ae2)	dd2f3eef	runbooks/Inferact/Qwen3.8-27B-NVFP4/20260816_mtp-n3_tuned.sh	442	600	42	19.47	51.19	80.96	88.56	96.88	71.3	c1:8/1/0;c4:30/4/0;c8:46/8/0;c16:51/15/0;c32:51/32/0	ok	levels=1|4|8|16|32,max_s=600,seed=42,prompt=4096,output=1024,stall=na,ltimeout=na,gllm=0.6.0	measured	suite full-sweep RE-MEASURE @600s/level (replaces void 180s row 20260817-201312-coder); thermal=77C/45W	results/gb10-1988a9714b4e/Inferact/Qwen3.8-27B-NVFP4/data/20260818-082342-coder
20260615-175157-chat	39aae92	gb10-1988a9714b4e	RedHatAI/NVIDIA-Nemotron-3-Super-120B-A12B-NVFP4	chat(512/256)	vllm@0.23.0(img:sha256:6d8429e38e37)	66c4a57d	runbooks/RedHatAI/NVIDIA-Nemotron-3-Super-120B-A12B-NVFP4/baseline.sh	677	180	42	17.31	42.77	57.02	73.01	103.44	118.5	c1:11/0/0;c4:28/3/0;c8:38/7/0;c16:49/15/0;c32:63/31/0	ok	levels=1|4|8|16|32,max_s=180,seed=42,prompt=512,output=256,stall=na,ltimeout=na,gllm=0.6.0	measured	suite full-sweep; thermal=64C/37W	results/gb10-1988a9714b4e/RedHatAI/NVIDIA-Nemotron-3-Super-120B-A12B-NVFP4/data/20260615-175157-chat
20260616-031158-chat	c5296bd	gb10-1988a9714b4e	RedHatAI/NVIDIA-Nemotron-3-Super-120B-A12B-NVFP4	chat(512/256)	vllm@0.23.0(img:sha256:6d8429e38e37)	d00606f7	runbooks/RedHatAI/NVIDIA-Nemotron-3-Super-120B-A12B-NVFP4/baseline.sh	733	180	42	17.06	na	na	77.69	na	112.5	c1:12/0/0;c16:51/14/0	ok	levels=1|16,max_s=180,seed=42,prompt=512,output=256,stall=na,ltimeout=na,gllm=0.6.0	measured	exp=20260616-025918 n1; thermal=67C/37W	results/gb10-1988a9714b4e/RedHatAI/NVIDIA-Nemotron-3-Super-120B-A12B-NVFP4/data/20260616-031158-chat
20260616-031839-chat	64c45cd	gb10-1988a9714b4e	RedHatAI/NVIDIA-Nemotron-3-Super-120B-A12B-NVFP4	chat(512/256)	vllm@0.23.0(img:sha256:6d8429e38e37)	d00606f7	runbooks/RedHatAI/NVIDIA-Nemotron-3-Super-120B-A12B-NVFP4/baseline.sh	733	180	42	16.9	na	na	75.54	na	112.5	c1:12/0/0;c16:48/15/0	ok	levels=1|16,max_s=180,seed=42,prompt=512,output=256,stall=na,ltimeout=na,gllm=0.6.0	measured	exp=20260616-025918 n2; thermal=68C/38W	results/gb10-1988a9714b4e/RedHatAI/NVIDIA-Nemotron-3-Super-120B-A12B-NVFP4/data/20260616-031839-chat
20260616-032523-chat	64c45cd	gb10-1988a9714b4e	RedHatAI/NVIDIA-Nemotron-3-Super-120B-A12B-NVFP4	chat(512/256)	vllm@0.23.0(img:sha256:6d8429e38e37)	d00606f7	runbooks/RedHatAI/NVIDIA-Nemotron-3-Super-120B-A12B-NVFP4/baseline.sh	733	180	42	17.45	na	na	73.97	na	112.6	c1:11/0/0;c16:49/15/0	ok	levels=1|16,max_s=180,seed=42,prompt=512,output=256,stall=na,ltimeout=na,gllm=0.6.0	measured	exp=20260616-025918 n3; thermal=70C/39W	results/gb10-1988a9714b4e/RedHatAI/NVIDIA-Nemotron-3-Super-120B-A12B-NVFP4/data/20260616-032523-chat
20260616-034532-chat	64c45cd	gb10-1988a9714b4e	RedHatAI/NVIDIA-Nemotron-3-Super-120B-A12B-NVFP4	chat(512/256)	vllm@0.23.0(img:sha256:6d8429e38e37)	479fc3da	runbooks/RedHatAI/NVIDIA-Nemotron-3-Super-120B-A12B-NVFP4/20260616_mtp-n1_tuned.sh	803	180	42	22.99	na	na	92.77	na	114.1	c1:15/0/0;c16:57/15/0	ok	levels=1|16,max_s=180,seed=42,prompt=512,output=256,stall=na,ltimeout=na,gllm=0.6.0	measured	exp=20260616-033147 n1; thermal=66C/36W	results/gb10-1988a9714b4e/RedHatAI/NVIDIA-Nemotron-3-Super-120B-A12B-NVFP4/data/20260616-034532-chat
20260616-035153-chat	64c45cd	gb10-1988a9714b4e	RedHatAI/NVIDIA-Nemotron-3-Super-120B-A12B-NVFP4	chat(512/256)	vllm@0.23.0(img:sha256:6d8429e38e37)	479fc3da	runbooks/RedHatAI/NVIDIA-Nemotron-3-Super-120B-A12B-NVFP4/20260616_mtp-n1_tuned.sh	803	180	42	22.75	na	na	95.49	na	114.3	c1:15/0/0;c16:58/15/0	ok	levels=1|16,max_s=180,seed=42,prompt=512,output=256,stall=na,ltimeout=na,gllm=0.6.0	measured	exp=20260616-033147 n2; thermal=70C/37W	results/gb10-1988a9714b4e/RedHatAI/NVIDIA-Nemotron-3-Super-120B-A12B-NVFP4/data/20260616-035153-chat
20260616-035814-chat	64c45cd	gb10-1988a9714b4e	RedHatAI/NVIDIA-Nemotron-3-Super-120B-A12B-NVFP4	chat(512/256)	vllm@0.23.0(img:sha256:6d8429e38e37)	479fc3da	runbooks/RedHatAI/NVIDIA-Nemotron-3-Super-120B-A12B-NVFP4/20260616_mtp-n1_tuned.sh	803	180	42	22.3	na	na	90.23	na	114.3	c1:16/0/0;c16:58/15/0	ok	levels=1|16,max_s=180,seed=42,prompt=512,output=256,stall=na,ltimeout=na,gllm=0.6.0	measured	exp=20260616-033147 n3; thermal=71C/38W	results/gb10-1988a9714b4e/RedHatAI/NVIDIA-Nemotron-3-Super-120B-A12B-NVFP4/data/20260616-035814-chat
20260616-041612-chat	64c45cd	gb10-1988a9714b4e	RedHatAI/NVIDIA-Nemotron-3-Super-120B-A12B-NVFP4	chat(512/256)	vllm@0.23.0(img:sha256:6d8429e38e37)	02a6e621	runbooks/RedHatAI/NVIDIA-Nemotron-3-Super-120B-A12B-NVFP4/20260616_async-sched_tuned.sh	628	180	42	17.66	na	na	70.35	na	112.8	c1:11/0/0;c16:47/15/0	ok	levels=1|16,max_s=180,seed=42,prompt=512,output=256,stall=na,ltimeout=na,gllm=0.6.0	measured	exp=20260616-040519 n1; thermal=66C/36W	results/gb10-1988a9714b4e/RedHatAI/NVIDIA-Nemotron-3-Super-120B-A12B-NVFP4/data/20260616-041612-chat
20260616-042232-chat	64c45cd	gb10-1988a9714b4e	RedHatAI/NVIDIA-Nemotron-3-Super-120B-A12B-NVFP4	chat(512/256)	vllm@0.23.0(img:sha256:6d8429e38e37)	02a6e621	runbooks/RedHatAI/NVIDIA-Nemotron-3-Super-120B-A12B-NVFP4/20260616_async-sched_tuned.sh	628	180	42	17.65	na	na	78.41	na	112.9	c1:11/0/0;c16:51/15/0	ok	levels=1|16,max_s=180,seed=42,prompt=512,output=256,stall=na,ltimeout=na,gllm=0.6.0	measured	exp=20260616-040519 n2; thermal=68C/37W	results/gb10-1988a9714b4e/RedHatAI/NVIDIA-Nemotron-3-Super-120B-A12B-NVFP4/data/20260616-042232-chat
20260616-042857-chat	64c45cd	gb10-1988a9714b4e	RedHatAI/NVIDIA-Nemotron-3-Super-120B-A12B-NVFP4	chat(512/256)	vllm@0.23.0(img:sha256:6d8429e38e37)	02a6e621	runbooks/RedHatAI/NVIDIA-Nemotron-3-Super-120B-A12B-NVFP4/20260616_async-sched_tuned.sh	628	180	42	17.65	na	na	76.93	na	113.0	c1:11/0/0;c16:50/15/0	ok	levels=1|16,max_s=180,seed=42,prompt=512,output=256,stall=na,ltimeout=na,gllm=0.6.0	measured	exp=20260616-040519 n3; thermal=69C/37W	results/gb10-1988a9714b4e/RedHatAI/NVIDIA-Nemotron-3-Super-120B-A12B-NVFP4/data/20260616-042857-chat
20260616-044718-chat	64c45cd	gb10-1988a9714b4e	RedHatAI/NVIDIA-Nemotron-3-Super-120B-A12B-NVFP4	chat(512/256)	vllm@0.23.0(img:sha256:6d8429e38e37)	d7662f18	runbooks/RedHatAI/NVIDIA-Nemotron-3-Super-120B-A12B-NVFP4/20260616_memutil-090_tuned.sh	689	180	42	17.72	na	na	74.95	na	117.0	c1:11/0/0;c16:49/15/0	ok	levels=1|16,max_s=180,seed=42,prompt=512,output=256,stall=na,ltimeout=na,gllm=0.6.0	measured	exp=20260616-043523 n1; thermal=63C/36W	results/gb10-1988a9714b4e/RedHatAI/NVIDIA-Nemotron-3-Super-120B-A12B-NVFP4/data/20260616-044718-chat
20260616-045342-chat	64c45cd	gb10-1988a9714b4e	RedHatAI/NVIDIA-Nemotron-3-Super-120B-A12B-NVFP4	chat(512/256)	vllm@0.23.0(img:sha256:6d8429e38e37)	d7662f18	runbooks/RedHatAI/NVIDIA-Nemotron-3-Super-120B-A12B-NVFP4/20260616_memutil-090_tuned.sh	689	180	42	16.84	na	na	73.54	na	117.1	c1:11/0/0;c16:50/15/0	ok	levels=1|16,max_s=180,seed=42,prompt=512,output=256,stall=na,ltimeout=na,gllm=0.6.0	measured	exp=20260616-043523 n2; thermal=62C/36W	results/gb10-1988a9714b4e/RedHatAI/NVIDIA-Nemotron-3-Super-120B-A12B-NVFP4/data/20260616-045342-chat
20260616-050004-chat	64c45cd	gb10-1988a9714b4e	RedHatAI/NVIDIA-Nemotron-3-Super-120B-A12B-NVFP4	chat(512/256)	vllm@0.23.0(img:sha256:6d8429e38e37)	d7662f18	runbooks/RedHatAI/NVIDIA-Nemotron-3-Super-120B-A12B-NVFP4/20260616_memutil-090_tuned.sh	689	180	42	17.76	na	na	71.99	na	117.6	c1:11/0/0;c16:50/15/0	ok	levels=1|16,max_s=180,seed=42,prompt=512,output=256,stall=na,ltimeout=na,gllm=0.6.0	measured	exp=20260616-043523 n3; thermal=62C/36W	results/gb10-1988a9714b4e/RedHatAI/NVIDIA-Nemotron-3-Super-120B-A12B-NVFP4/data/20260616-050004-chat
20260616-051829-chat	64c45cd	gb10-1988a9714b4e	RedHatAI/NVIDIA-Nemotron-3-Super-120B-A12B-NVFP4	chat(512/256)	vllm@0.23.0(img:sha256:6d8429e38e37)	425ca08c	runbooks/RedHatAI/NVIDIA-Nemotron-3-Super-120B-A12B-NVFP4/20260616_moe-cutlass_tuned.sh	693	180	42	17.67	na	na	75.24	na	114.2	c1:11/0/0;c16:48/15/0	ok	levels=1|16,max_s=180,seed=42,prompt=512,output=256,stall=na,ltimeout=na,gllm=0.6.0	measured	exp=20260616-050629 n1; thermal=66C/36W	results/gb10-1988a9714b4e/RedHatAI/NVIDIA-Nemotron-3-Super-120B-A12B-NVFP4/data/20260616-051829-chat
20260616-052452-chat	64c45cd	gb10-1988a9714b4e	RedHatAI/NVIDIA-Nemotron-3-Super-120B-A12B-NVFP4	chat(512/256)	vllm@0.23.0(img:sha256:6d8429e38e37)	425ca08c	runbooks/RedHatAI/NVIDIA-Nemotron-3-Super-120B-A12B-NVFP4/20260616_moe-cutlass_tuned.sh	693	180	42	17.62	na	na	80.7	na	114.3	c1:11/0/0;c16:50/15/0	ok	levels=1|16,max_s=180,seed=42,prompt=512,output=256,stall=na,ltimeout=na,gllm=0.6.0	measured	exp=20260616-050629 n2; thermal=68C/36W	results/gb10-1988a9714b4e/RedHatAI/NVIDIA-Nemotron-3-Super-120B-A12B-NVFP4/data/20260616-052452-chat
20260616-053112-chat	64c45cd	gb10-1988a9714b4e	RedHatAI/NVIDIA-Nemotron-3-Super-120B-A12B-NVFP4	chat(512/256)	vllm@0.23.0(img:sha256:6d8429e38e37)	425ca08c	runbooks/RedHatAI/NVIDIA-Nemotron-3-Super-120B-A12B-NVFP4/20260616_moe-cutlass_tuned.sh	693	180	42	17.6	na	na	83.85	na	114.4	c1:11/0/0;c16:51/15/0	ok	levels=1|16,max_s=180,seed=42,prompt=512,output=256,stall=na,ltimeout=na,gllm=0.6.0	measured	exp=20260616-050629 n3; thermal=69C/37W	results/gb10-1988a9714b4e/RedHatAI/NVIDIA-Nemotron-3-Super-120B-A12B-NVFP4/data/20260616-053112-chat
20260616-063656-chat	64c45cd	gb10-1988a9714b4e	RedHatAI/NVIDIA-Nemotron-3-Super-120B-A12B-NVFP4	chat(512/256)	vllm@0.23.0(img:sha256:6d8429e38e37)	f69b3acc	runbooks/RedHatAI/NVIDIA-Nemotron-3-Super-120B-A12B-NVFP4/20260616_maxseqs-4_tuned.sh	612	180	42	17.67	na	na	39.28	na	111.6	c1:11/0/0;c16:27/15/0	ok	levels=1|16,max_s=180,seed=42,prompt=512,output=256,stall=na,ltimeout=na,gllm=0.6.0	measured	exp=20260616-062615 n1; thermal=63C/33W	results/gb10-1988a9714b4e/RedHatAI/NVIDIA-Nemotron-3-Super-120B-A12B-NVFP4/data/20260616-063656-chat
20260616-064321-chat	64c45cd	gb10-1988a9714b4e	RedHatAI/NVIDIA-Nemotron-3-Super-120B-A12B-NVFP4	chat(512/256)	vllm@0.23.0(img:sha256:6d8429e38e37)	f69b3acc	runbooks/RedHatAI/NVIDIA-Nemotron-3-Super-120B-A12B-NVFP4/20260616_maxseqs-4_tuned.sh	612	180	42	17.57	na	na	39.38	na	111.7	c1:11/0/0;c16:26/15/0	ok	levels=1|16,max_s=180,seed=42,prompt=512,output=256,stall=na,ltimeout=na,gllm=0.6.0	measured	exp=20260616-062615 n2; thermal=65C/34W	results/gb10-1988a9714b4e/RedHatAI/NVIDIA-Nemotron-3-Super-120B-A12B-NVFP4/data/20260616-064321-chat
20260616-064943-chat	64c45cd	gb10-1988a9714b4e	RedHatAI/NVIDIA-Nemotron-3-Super-120B-A12B-NVFP4	chat(512/256)	vllm@0.23.0(img:sha256:6d8429e38e37)	f69b3acc	runbooks/RedHatAI/NVIDIA-Nemotron-3-Super-120B-A12B-NVFP4/20260616_maxseqs-4_tuned.sh	612	180	42	17.16	na	na	40.81	na	111.7	c1:11/0/0;c16:27/15/0	ok	levels=1|16,max_s=180,seed=42,prompt=512,output=256,stall=na,ltimeout=na,gllm=0.6.0	measured	exp=20260616-062615 n3; thermal=65C/34W	results/gb10-1988a9714b4e/RedHatAI/NVIDIA-Nemotron-3-Super-120B-A12B-NVFP4/data/20260616-064943-chat
20260616-071209-chat	f73a78d	gb10-1988a9714b4e	RedHatAI/NVIDIA-Nemotron-3-Super-120B-A12B-NVFP4	chat(512/256)	vllm@0.23.0(img:sha256:6d8429e38e37)	a6773cf6	runbooks/RedHatAI/NVIDIA-Nemotron-3-Super-120B-A12B-NVFP4/20260616_trust-remote-code_tuned.sh	683	180	42	17.71	na	na	77.64	na	113.3	c1:11/0/0;c16:50/15/0	ok	levels=1|16,max_s=180,seed=42,prompt=512,output=256,stall=na,ltimeout=na,gllm=0.6.0	measured	exp=20260616-070020 n1; thermal=67C/35W	results/gb10-1988a9714b4e/RedHatAI/NVIDIA-Nemotron-3-Super-120B-A12B-NVFP4/data/20260616-071209-chat
20260616-071831-chat	f73a78d	gb10-1988a9714b4e	RedHatAI/NVIDIA-Nemotron-3-Super-120B-A12B-NVFP4	chat(512/256)	vllm@0.23.0(img:sha256:6d8429e38e37)	a6773cf6	runbooks/RedHatAI/NVIDIA-Nemotron-3-Super-120B-A12B-NVFP4/20260616_trust-remote-code_tuned.sh	683	180	42	17.64	na	na	76.85	na	113.3	c1:11/0/0;c16:47/16/0	ok	levels=1|16,max_s=180,seed=42,prompt=512,output=256,stall=na,ltimeout=na,gllm=0.6.0	measured	exp=20260616-070020 n2; thermal=69C/36W	results/gb10-1988a9714b4e/RedHatAI/NVIDIA-Nemotron-3-Super-120B-A12B-NVFP4/data/20260616-071831-chat
20260616-072452-chat	f73a78d	gb10-1988a9714b4e	RedHatAI/NVIDIA-Nemotron-3-Super-120B-A12B-NVFP4	chat(512/256)	vllm@0.23.0(img:sha256:6d8429e38e37)	a6773cf6	runbooks/RedHatAI/NVIDIA-Nemotron-3-Super-120B-A12B-NVFP4/20260616_trust-remote-code_tuned.sh	683	180	42	17.65	na	na	76.58	na	113.4	c1:11/0/0;c16:47/15/0	ok	levels=1|16,max_s=180,seed=42,prompt=512,output=256,stall=na,ltimeout=na,gllm=0.6.0	measured	exp=20260616-070020 n3; thermal=70C/36W	results/gb10-1988a9714b4e/RedHatAI/NVIDIA-Nemotron-3-Super-120B-A12B-NVFP4/data/20260616-072452-chat
20260616-074452-chat	f73a78d	gb10-1988a9714b4e	RedHatAI/NVIDIA-Nemotron-3-Super-120B-A12B-NVFP4	chat(512/256)	vllm@0.23.0(img:sha256:6d8429e38e37)	a61f15d8	runbooks/RedHatAI/NVIDIA-Nemotron-3-Super-120B-A12B-NVFP4/20260616_mtp-cutlass_tuned.sh	794	180	42	22.44	na	na	88.47	na	114.0	c1:15/0/0;c16:59/15/0	ok	levels=1|16,max_s=180,seed=42,prompt=512,output=256,stall=na,ltimeout=na,gllm=0.6.0	measured	exp=20260616-073118 n1; thermal=68C/36W	results/gb10-1988a9714b4e/RedHatAI/NVIDIA-Nemotron-3-Super-120B-A12B-NVFP4/data/20260616-074452-chat
20260616-075116-chat	f73a78d	gb10-1988a9714b4e	RedHatAI/NVIDIA-Nemotron-3-Super-120B-A12B-NVFP4	chat(512/256)	vllm@0.23.0(img:sha256:6d8429e38e37)	a61f15d8	runbooks/RedHatAI/NVIDIA-Nemotron-3-Super-120B-A12B-NVFP4/20260616_mtp-cutlass_tuned.sh	794	180	42	22.17	na	na	90.99	na	114.2	c1:15/0/0;c16:59/15/0	ok	levels=1|16,max_s=180,seed=42,prompt=512,output=256,stall=na,ltimeout=na,gllm=0.6.0	measured	exp=20260616-073118 n2; thermal=69C/37W	results/gb10-1988a9714b4e/RedHatAI/NVIDIA-Nemotron-3-Super-120B-A12B-NVFP4/data/20260616-075116-chat
20260616-075738-chat	f73a78d	gb10-1988a9714b4e	RedHatAI/NVIDIA-Nemotron-3-Super-120B-A12B-NVFP4	chat(512/256)	vllm@0.23.0(img:sha256:6d8429e38e37)	a61f15d8	runbooks/RedHatAI/NVIDIA-Nemotron-3-Super-120B-A12B-NVFP4/20260616_mtp-cutlass_tuned.sh	794	180	42	23.03	na	na	92.57	na	114.3	c1:16/0/0;c16:58/16/0	ok	levels=1|16,max_s=180,seed=42,prompt=512,output=256,stall=na,ltimeout=na,gllm=0.6.0	measured	exp=20260616-073118 n3; thermal=64C/36W	results/gb10-1988a9714b4e/RedHatAI/NVIDIA-Nemotron-3-Super-120B-A12B-NVFP4/data/20260616-075738-chat
20260616-175058-chat	5f2ed2c	gb10-1988a9714b4e	RedHatAI/NVIDIA-Nemotron-3-Super-120B-A12B-NVFP4	chat(512/256)	vllm@0.23.0(img:sha256:6d8429e38e37)	479fc3da	runbooks/RedHatAI/NVIDIA-Nemotron-3-Super-120B-A12B-NVFP4/20260616_mtp-n1_tuned.sh	774	180	42	22.44	52.53	69.52	93.68	120.52	118.0	c1:15/0/0;c4:33/3/0;c8:45/8/0;c16:62/15/0;c32:77/31/0	ok	levels=1|4|8|16|32,max_s=180,seed=42,prompt=512,output=256,stall=na,ltimeout=na,gllm=0.6.0	measured	suite full-sweep; thermal=66C/37W	results/gb10-1988a9714b4e/RedHatAI/NVIDIA-Nemotron-3-Super-120B-A12B-NVFP4/data/20260616-175058-chat
20260613-122100-chat	7f85391	gb10-1988a9714b4e	RedHatAI/Qwen3-8B-NVFP4	chat(512/256)	vllm@0.22.0(img:sha256:0fec7ec5f3e6)	139701ef	runbooks/RedHatAI/Qwen3-8B-NVFP4/baseline.sh	140	180	na	41.12	154.59	281	466.75	687.74	66.8	c1:28/0/0;c4:109/3/0;c8:201/7/0;c16:331/14/0;c32:481/31/0	ok	levels=1|4|8|16|32,max_s=180,seed=42,prompt=512,output=256,stall=na,ltimeout=na,gllm=0.6.0	measured	max_s=180	results/gb10-1988a9714b4e/RedHatAI/Qwen3-8B-NVFP4/data/20260613-122100-chat
20260613-130852-chat	51008c5	gb10-1988a9714b4e	RedHatAI/Qwen3-8B-NVFP4	chat(512/256)	vllm@0.22.0(img:sha256:0fec7ec5f3e6)	cddbebf8	runbooks/RedHatAI/Qwen3-8B-NVFP4/20260613_native-fp4_tuned.sh	150	180	na	39.24	na	na	473.44	na	67.4	c1:27/0/0;c16:333/16/0	ok	levels=1|16,max_s=180,seed=42,prompt=512,output=256,stall=na,ltimeout=na,gllm=0.6.0	measured	exp=20260613-130620 n1; max_s=180	results/gb10-1988a9714b4e/RedHatAI/Qwen3-8B-NVFP4/data/20260613-130852-chat
20260613-131512-chat	f321292	gb10-1988a9714b4e	RedHatAI/Qwen3-8B-NVFP4	chat(512/256)	vllm@0.22.0(img:sha256:0fec7ec5f3e6)	cddbebf8	runbooks/RedHatAI/Qwen3-8B-NVFP4/20260613_native-fp4_tuned.sh	150	180	na	39.46	na	na	496.81	na	67.3	c1:29/0/0;c16:349/15/0	ok	levels=1|16,max_s=180,seed=42,prompt=512,output=256,stall=na,ltimeout=na,gllm=0.6.0	measured	exp=20260613-130620 n2; max_s=180	results/gb10-1988a9714b4e/RedHatAI/Qwen3-8B-NVFP4/data/20260613-131512-chat
20260613-132132-chat	f321292	gb10-1988a9714b4e	RedHatAI/Qwen3-8B-NVFP4	chat(512/256)	vllm@0.22.0(img:sha256:0fec7ec5f3e6)	cddbebf8	runbooks/RedHatAI/Qwen3-8B-NVFP4/20260613_native-fp4_tuned.sh	150	180	na	39.51	na	na	501.01	na	67.3	c1:29/0/0;c16:351/16/0	ok	levels=1|16,max_s=180,seed=42,prompt=512,output=256,stall=na,ltimeout=na,gllm=0.6.0	measured	exp=20260613-130620 n3; max_s=180	results/gb10-1988a9714b4e/RedHatAI/Qwen3-8B-NVFP4/data/20260613-132132-chat
20260613-140006-chat	4ae249a	gb10-1988a9714b4e	RedHatAI/Qwen3-8B-NVFP4	chat(512/256)	vllm@0.22.0(img:sha256:0fec7ec5f3e6)	8926869b	runbooks/RedHatAI/Qwen3-8B-NVFP4/20260613_async-sched_tuned.sh	145	180	42	38.74	na	na	473.13	na	68.3	c1:26/0/0;c16:334/15/0	ok	levels=1|16,max_s=180,seed=42,prompt=512,output=256,stall=na,ltimeout=na,gllm=0.6.0	measured	exp=20260613-135739 n1; thermal=74C/34W	results/gb10-1988a9714b4e/RedHatAI/Qwen3-8B-NVFP4/data/20260613-140006-chat
20260613-140621-chat	4ae249a	gb10-1988a9714b4e	RedHatAI/Qwen3-8B-NVFP4	chat(512/256)	vllm@0.22.0(img:sha256:0fec7ec5f3e6)	8926869b	runbooks/RedHatAI/Qwen3-8B-NVFP4/20260613_async-sched_tuned.sh	145	180	42	38.72	na	na	497.24	na	68.3	c1:29/0/0;c16:351/15/0	ok	levels=1|16,max_s=180,seed=42,prompt=512,output=256,stall=na,ltimeout=na,gllm=0.6.0	measured	exp=20260613-135739 n2; thermal=65C/33W	results/gb10-1988a9714b4e/RedHatAI/Qwen3-8B-NVFP4/data/20260613-140621-chat
20260613-141244-chat	4ae249a	gb10-1988a9714b4e	RedHatAI/Qwen3-8B-NVFP4	chat(512/256)	vllm@0.22.0(img:sha256:0fec7ec5f3e6)	8926869b	runbooks/RedHatAI/Qwen3-8B-NVFP4/20260613_async-sched_tuned.sh	145	180	42	38.97	na	na	504.32	na	68.2	c1:29/0/0;c16:354/15/0	ok	levels=1|16,max_s=180,seed=42,prompt=512,output=256,stall=na,ltimeout=na,gllm=0.6.0	measured	exp=20260613-135739 n3; thermal=64C/33W	results/gb10-1988a9714b4e/RedHatAI/Qwen3-8B-NVFP4/data/20260613-141244-chat
20260613-142253-chat	58ad961	gb10-1988a9714b4e	RedHatAI/Qwen3-8B-NVFP4	chat(512/256)	vllm@0.22.0(img:sha256:0fec7ec5f3e6)	09a8d663	runbooks/RedHatAI/Qwen3-8B-NVFP4/20260613_attn-flashinfer_tuned.sh	116	180	42	38.78	na	na	479.4	na	68.4	c1:29/0/0;c16:337/15/0	ok	levels=1|16,max_s=180,seed=42,prompt=512,output=256,stall=na,ltimeout=na,gllm=0.6.0	measured	exp=20260613-142056 n1; thermal=69C/34W	results/gb10-1988a9714b4e/RedHatAI/Qwen3-8B-NVFP4/data/20260613-142253-chat
20260613-142915-chat	58ad961	gb10-1988a9714b4e	RedHatAI/Qwen3-8B-NVFP4	chat(512/256)	vllm@0.22.0(img:sha256:0fec7ec5f3e6)	09a8d663	runbooks/RedHatAI/Qwen3-8B-NVFP4/20260613_attn-flashinfer_tuned.sh	116	180	42	38.76	na	na	506.64	na	68.5	c1:29/0/0;c16:355/15/0	ok	levels=1|16,max_s=180,seed=42,prompt=512,output=256,stall=na,ltimeout=na,gllm=0.6.0	measured	exp=20260613-142056 n2; thermal=68C/33W	results/gb10-1988a9714b4e/RedHatAI/Qwen3-8B-NVFP4/data/20260613-142915-chat
20260613-143536-chat	58ad961	gb10-1988a9714b4e	RedHatAI/Qwen3-8B-NVFP4	chat(512/256)	vllm@0.22.0(img:sha256:0fec7ec5f3e6)	09a8d663	runbooks/RedHatAI/Qwen3-8B-NVFP4/20260613_attn-flashinfer_tuned.sh	116	180	42	38.92	na	na	507.52	na	68.5	c1:29/0/0;c16:357/15/0	ok	levels=1|16,max_s=180,seed=42,prompt=512,output=256,stall=na,ltimeout=na,gllm=0.6.0	measured	exp=20260613-142056 n3; thermal=63C/32W	results/gb10-1988a9714b4e/RedHatAI/Qwen3-8B-NVFP4/data/20260613-143536-chat
20260613-162600-chat	60afe62	gb10-1988a9714b4e	RedHatAI/Qwen3-8B-NVFP4	chat(512/256)	vllm@0.22.0(img:sha256:0fec7ec5f3e6)	cddbebf8	runbooks/RedHatAI/Qwen3-8B-NVFP4/20260613_native-fp4_tuned.sh	145	180	42	38.78	149.29	277.05	486.72	745.66	67.6	c1:26/0/0;c4:106/3/0;c8:199/7/0;c16:342/16/0;c32:522/31/0	ok	levels=1|4|8|16|32,max_s=180,seed=42,prompt=512,output=256,stall=na,ltimeout=na,gllm=0.6.0	measured	exp=20260613-162333 n1; thermal=72C/35W	results/gb10-1988a9714b4e/RedHatAI/Qwen3-8B-NVFP4/data/20260613-162600-chat
20260613-181110-chat	429df50	gb10-1988a9714b4e	RedHatAI/Qwen3-8B-NVFP4	chat(512/256)	vllm@0.23.0(img:sha256:6d8429e38e37)	979bdb65	runbooks/RedHatAI/Qwen3-8B-NVFP4/baseline.sh	141	180	42	40.56	155.04	285.65	497.04	770.8	69.0	c1:29/0/0;c4:107/3/0;c8:202/7/0;c16:342/15/0;c32:522/31/0	ok	levels=1|4|8|16|32,max_s=180,seed=42,prompt=512,output=256,stall=na,ltimeout=na,gllm=0.6.0	measured	0.23.0 baseline; thermal=71C/35W	results/gb10-1988a9714b4e/RedHatAI/Qwen3-8B-NVFP4/data/20260613-181110-chat
20260613-193429-chat	61fb127	gb10-1988a9714b4e	RedHatAI/Qwen3-8B-NVFP4	chat(512/256)	vllm@0.23.0(img:sha256:6d8429e38e37)	979bdb65	runbooks/RedHatAI/Qwen3-8B-NVFP4/baseline.sh	141	180	42	40.59	na	na	484.64	na	68.2	c1:29/0/0;c16:332/15/0	ok	levels=1|16,max_s=180,seed=42,prompt=512,output=256,stall=na,ltimeout=na,gllm=0.6.0	measured	exp=20260613-193110 n1; thermal=71C/34W	results/gb10-1988a9714b4e/RedHatAI/Qwen3-8B-NVFP4/data/20260613-193429-chat
20260613-194052-chat	61fb127	gb10-1988a9714b4e	RedHatAI/Qwen3-8B-NVFP4	chat(512/256)	vllm@0.23.0(img:sha256:6d8429e38e37)	979bdb65	runbooks/RedHatAI/Qwen3-8B-NVFP4/baseline.sh	141	180	42	40.43	na	na	507.14	na	68.2	c1:29/0/0;c16:347/15/0	ok	levels=1|16,max_s=180,seed=42,prompt=512,output=256,stall=na,ltimeout=na,gllm=0.6.0	measured	exp=20260613-193110 n2; thermal=69C/34W	results/gb10-1988a9714b4e/RedHatAI/Qwen3-8B-NVFP4/data/20260613-194052-chat
20260613-194717-chat	61fb127	gb10-1988a9714b4e	RedHatAI/Qwen3-8B-NVFP4	chat(512/256)	vllm@0.23.0(img:sha256:6d8429e38e37)	979bdb65	runbooks/RedHatAI/Qwen3-8B-NVFP4/baseline.sh	141	180	42	40.69	na	na	508.45	na	68.2	c1:29/0/0;c16:348/15/0	ok	levels=1|16,max_s=180,seed=42,prompt=512,output=256,stall=na,ltimeout=na,gllm=0.6.0	measured	exp=20260613-193110 n3; thermal=63C/33W	results/gb10-1988a9714b4e/RedHatAI/Qwen3-8B-NVFP4/data/20260613-194717-chat
20260613-195822-chat	27aa972	gb10-1988a9714b4e	RedHatAI/Qwen3-8B-NVFP4	chat(512/256)	vllm@0.23.0(img:sha256:6d8429e38e37)	78974e55	runbooks/RedHatAI/Qwen3-8B-NVFP4/20260613_batched-16k_tuned.sh	216	180	42	40.57	na	na	478.92	na	67.0	c1:29/0/0;c16:329/15/0	ok	levels=1|16,max_s=180,seed=42,prompt=512,output=256,stall=na,ltimeout=na,gllm=0.6.0	measured	exp=20260613-195346 n1; thermal=67C/34W	results/gb10-1988a9714b4e/RedHatAI/Qwen3-8B-NVFP4/data/20260613-195822-chat
20260613-200446-chat	27aa972	gb10-1988a9714b4e	RedHatAI/Qwen3-8B-NVFP4	chat(512/256)	vllm@0.23.0(img:sha256:6d8429e38e37)	78974e55	runbooks/RedHatAI/Qwen3-8B-NVFP4/20260613_batched-16k_tuned.sh	216	180	42	40.81	na	na	504.63	na	67.0	c1:29/0/0;c16:346/15/0	ok	levels=1|16,max_s=180,seed=42,prompt=512,output=256,stall=na,ltimeout=na,gllm=0.6.0	measured	exp=20260613-195346 n2; thermal=63C/32W	results/gb10-1988a9714b4e/RedHatAI/Qwen3-8B-NVFP4/data/20260613-200446-chat
20260613-201110-chat	27aa972	gb10-1988a9714b4e	RedHatAI/Qwen3-8B-NVFP4	chat(512/256)	vllm@0.23.0(img:sha256:6d8429e38e37)	78974e55	runbooks/RedHatAI/Qwen3-8B-NVFP4/20260613_batched-16k_tuned.sh	216	180	42	40.76	na	na	504.01	na	67.0	c1:29/0/0;c16:347/15/0	ok	levels=1|16,max_s=180,seed=42,prompt=512,output=256,stall=na,ltimeout=na,gllm=0.6.0	measured	exp=20260613-195346 n3; thermal=63C/32W	results/gb10-1988a9714b4e/RedHatAI/Qwen3-8B-NVFP4/data/20260613-201110-chat
20260613-202026-chat	45c9796	gb10-1988a9714b4e	RedHatAI/Qwen3-8B-NVFP4	chat(512/256)	vllm@0.23.0(img:sha256:6d8429e38e37)	68acc088	runbooks/RedHatAI/Qwen3-8B-NVFP4/20260613_kvfp8_tuned.sh	121	180	42	41.09	na	na	538.19	na	68.7	c1:29/0/0;c16:371/15/0	ok	levels=1|16,max_s=180,seed=42,prompt=512,output=256,stall=na,ltimeout=na,gllm=0.6.0	measured	exp=20260613-201749 n1; thermal=68C/33W	results/gb10-1988a9714b4e/RedHatAI/Qwen3-8B-NVFP4/data/20260613-202026-chat
20260613-202649-chat	45c9796	gb10-1988a9714b4e	RedHatAI/Qwen3-8B-NVFP4	chat(512/256)	vllm@0.23.0(img:sha256:6d8429e38e37)	68acc088	runbooks/RedHatAI/Qwen3-8B-NVFP4/20260613_kvfp8_tuned.sh	121	180	42	41.31	na	na	566.49	na	68.7	c1:29/0/0;c16:392/15/0	ok	levels=1|16,max_s=180,seed=42,prompt=512,output=256,stall=na,ltimeout=na,gllm=0.6.0	measured	exp=20260613-201749 n2; thermal=63C/32W	results/gb10-1988a9714b4e/RedHatAI/Qwen3-8B-NVFP4/data/20260613-202649-chat
20260613-203310-chat	45c9796	gb10-1988a9714b4e	RedHatAI/Qwen3-8B-NVFP4	chat(512/256)	vllm@0.23.0(img:sha256:6d8429e38e37)	68acc088	runbooks/RedHatAI/Qwen3-8B-NVFP4/20260613_kvfp8_tuned.sh	121	180	42	41.45	na	na	570.54	na	68.7	c1:28/1/0;c16:392/15/0	ok	levels=1|16,max_s=180,seed=42,prompt=512,output=256,stall=na,ltimeout=na,gllm=0.6.0	measured	exp=20260613-201749 n3; thermal=62C/32W	results/gb10-1988a9714b4e/RedHatAI/Qwen3-8B-NVFP4/data/20260613-203310-chat
20260613-205619-chat	e00383b	gb10-1988a9714b4e	RedHatAI/Qwen3-8B-NVFP4	chat(512/256)	vllm@0.23.0(img:sha256:6d8429e38e37)	4aea1983	runbooks/RedHatAI/Qwen3-8B-NVFP4/20260613_memutil-08_tuned.sh	151	180	42	40.64	na	na	478.08	na	104.8	c1:29/0/0;c16:328/15/0	ok	levels=1|16,max_s=180,seed=42,prompt=512,output=256,stall=na,ltimeout=na,gllm=0.6.0	measured	exp=20260613-205250 n1; thermal=69C/36W	results/gb10-1988a9714b4e/RedHatAI/Qwen3-8B-NVFP4/data/20260613-205619-chat
20260613-210243-chat	e00383b	gb10-1988a9714b4e	RedHatAI/Qwen3-8B-NVFP4	chat(512/256)	vllm@0.23.0(img:sha256:6d8429e38e37)	4aea1983	runbooks/RedHatAI/Qwen3-8B-NVFP4/20260613_memutil-08_tuned.sh	151	180	42	40.82	na	na	502.84	na	104.8	c1:29/0/0;c16:344/15/0	ok	levels=1|16,max_s=180,seed=42,prompt=512,output=256,stall=na,ltimeout=na,gllm=0.6.0	measured	exp=20260613-205250 n2; thermal=64C/35W	results/gb10-1988a9714b4e/RedHatAI/Qwen3-8B-NVFP4/data/20260613-210243-chat
20260613-210905-chat	e00383b	gb10-1988a9714b4e	RedHatAI/Qwen3-8B-NVFP4	chat(512/256)	vllm@0.23.0(img:sha256:6d8429e38e37)	4aea1983	runbooks/RedHatAI/Qwen3-8B-NVFP4/20260613_memutil-08_tuned.sh	151	180	42	40.82	na	na	504.05	na	104.8	c1:29/0/0;c16:345/15/0	ok	levels=1|16,max_s=180,seed=42,prompt=512,output=256,stall=na,ltimeout=na,gllm=0.6.0	measured	exp=20260613-205250 n3; thermal=64C/35W	results/gb10-1988a9714b4e/RedHatAI/Qwen3-8B-NVFP4/data/20260613-210905-chat
20260613-212313-chat	c1a827a	gb10-1988a9714b4e	RedHatAI/Qwen3-8B-NVFP4	chat(512/256)	vllm@0.23.0(img:sha256:6d8429e38e37)	30dde5a5	runbooks/RedHatAI/Qwen3-8B-NVFP4/20260613_batched-32k-util08_tuned.sh	397	180	42	41.06	na	na	488.7	na	103.1	c1:29/0/0;c16:336/15/0	ok	levels=1|16,max_s=180,seed=42,prompt=512,output=256,stall=na,ltimeout=na,gllm=0.6.0	measured	exp=20260613-211534 n1; thermal=67C/34W	results/gb10-1988a9714b4e/RedHatAI/Qwen3-8B-NVFP4/data/20260613-212313-chat
20260613-212936-chat	c1a827a	gb10-1988a9714b4e	RedHatAI/Qwen3-8B-NVFP4	chat(512/256)	vllm@0.23.0(img:sha256:6d8429e38e37)	30dde5a5	runbooks/RedHatAI/Qwen3-8B-NVFP4/20260613_batched-32k-util08_tuned.sh	397	180	42	41.34	na	na	509.79	na	103.1	c1:29/0/0;c16:349/15/0	ok	levels=1|16,max_s=180,seed=42,prompt=512,output=256,stall=na,ltimeout=na,gllm=0.6.0	measured	exp=20260613-211534 n2; thermal=63C/33W	results/gb10-1988a9714b4e/RedHatAI/Qwen3-8B-NVFP4/data/20260613-212936-chat
20260614-073625-chat	1720e32	gb10-1988a9714b4e	RedHatAI/Qwen3-8B-NVFP4	chat(512/256)	vllm@0.23.0(img:sha256:6d8429e38e37)	68acc088	runbooks/RedHatAI/Qwen3-8B-NVFP4/20260613_kvfp8_tuned.sh	116	180	42	41.87	164.32	309.28	563.15	950.6	68.4	c1:29/0/0;c4:114/3/0;c8:215/7/0;c16:387/15/0;c32:652/31/0	ok	levels=1|4|8|16|32,max_s=180,seed=42,prompt=512,output=256,stall=na,ltimeout=na,gllm=0.6.0	measured	0.23.0 fp8-KV final; thermal=73C/35W	results/gb10-1988a9714b4e/RedHatAI/Qwen3-8B-NVFP4/data/20260614-073625-chat
20260620-072425-chat	60ee7a5	gb10-1988a9714b4e	RedHatAI/Qwen3-Coder-Next-NVFP4	chat(512/256)	vllm@0.23.0(img:sha256:6d8429e38e37)	97153804	runbooks/RedHatAI/Qwen3-Coder-Next-NVFP4/baseline.sh	447	180	42	37.05	108.78	158.41	220.1	286.65	72.5	c1:28/0/0;c4:75/3/0;c8:113/7/0;c16:158/15/0;c32:205/31/0	ok	levels=1|4|8|16|32,max_s=180,seed=42,prompt=512,output=256,stall=na,ltimeout=na,gllm=0.6.0	measured	suite full-sweep; thermal=63C/36W	results/gb10-1988a9714b4e/RedHatAI/Qwen3-Coder-Next-NVFP4/data/20260620-072425-chat
20260620-120352-chat	0c73104	gb10-1988a9714b4e	RedHatAI/Qwen3-Coder-Next-NVFP4	chat(512/256)	vllm@0.23.0(img:sha256:6d8429e38e37)	004c9b00	runbooks/RedHatAI/Qwen3-Coder-Next-NVFP4/20260620_ngram-spec_tuned.sh	427	180	42	25.05	na	na	141.68	na	69.1	c1:18/0/0;c16:103/15/0	ok	levels=1|16,max_s=180,seed=42,prompt=512,output=256,stall=na,ltimeout=na,gllm=0.6.0	measured	exp=20260620-115611 n1; thermal=65C/35W	results/gb10-1988a9714b4e/RedHatAI/Qwen3-Coder-Next-NVFP4/data/20260620-120352-chat
20260620-121013-chat	0c73104	gb10-1988a9714b4e	RedHatAI/Qwen3-Coder-Next-NVFP4	chat(512/256)	vllm@0.23.0(img:sha256:6d8429e38e37)	004c9b00	runbooks/RedHatAI/Qwen3-Coder-Next-NVFP4/20260620_ngram-spec_tuned.sh	427	180	42	24.8	na	na	143.95	na	69.1	c1:18/0/0;c16:103/15/0	ok	levels=1|16,max_s=180,seed=42,prompt=512,output=256,stall=na,ltimeout=na,gllm=0.6.0	measured	exp=20260620-115611 n2; thermal=66C/36W	results/gb10-1988a9714b4e/RedHatAI/Qwen3-Coder-Next-NVFP4/data/20260620-121013-chat
20260620-121632-chat	0c73104	gb10-1988a9714b4e	RedHatAI/Qwen3-Coder-Next-NVFP4	chat(512/256)	vllm@0.23.0(img:sha256:6d8429e38e37)	004c9b00	runbooks/RedHatAI/Qwen3-Coder-Next-NVFP4/20260620_ngram-spec_tuned.sh	427	180	42	24.93	na	na	146.77	na	69.1	c1:18/0/0;c16:104/16/0	ok	levels=1|16,max_s=180,seed=42,prompt=512,output=256,stall=na,ltimeout=na,gllm=0.6.0	measured	exp=20260620-115611 n3; thermal=68C/37W	results/gb10-1988a9714b4e/RedHatAI/Qwen3-Coder-Next-NVFP4/data/20260620-121632-chat
20260620-123438-chat	50fdedd	gb10-1988a9714b4e	RedHatAI/Qwen3-Coder-Next-NVFP4	chat(512/256)	vllm@0.23.0(img:sha256:6d8429e38e37)	0c3c7750	runbooks/RedHatAI/Qwen3-Coder-Next-NVFP4/20260620_mnbt-16384_tuned.sh	472	180	42	37.3	na	na	222.58	na	68.8	c1:28/0/0;c16:157/15/0	ok	levels=1|16,max_s=180,seed=42,prompt=512,output=256,stall=na,ltimeout=na,gllm=0.6.0	measured	exp=20260620-122626 n1; thermal=66C/34W	results/gb10-1988a9714b4e/RedHatAI/Qwen3-Coder-Next-NVFP4/data/20260620-123438-chat
20260620-124058-chat	50fdedd	gb10-1988a9714b4e	RedHatAI/Qwen3-Coder-Next-NVFP4	chat(512/256)	vllm@0.23.0(img:sha256:6d8429e38e37)	0c3c7750	runbooks/RedHatAI/Qwen3-Coder-Next-NVFP4/20260620_mnbt-16384_tuned.sh	472	180	42	36.94	na	na	218.08	na	68.8	c1:28/0/0;c16:155/15/0	ok	levels=1|16,max_s=180,seed=42,prompt=512,output=256,stall=na,ltimeout=na,gllm=0.6.0	measured	exp=20260620-122626 n2; thermal=67C/36W	results/gb10-1988a9714b4e/RedHatAI/Qwen3-Coder-Next-NVFP4/data/20260620-124058-chat
20260620-124721-chat	50fdedd	gb10-1988a9714b4e	RedHatAI/Qwen3-Coder-Next-NVFP4	chat(512/256)	vllm@0.23.0(img:sha256:6d8429e38e37)	0c3c7750	runbooks/RedHatAI/Qwen3-Coder-Next-NVFP4/20260620_mnbt-16384_tuned.sh	472	180	42	37	na	na	222.9	na	68.1	c1:28/0/0;c16:158/15/0	ok	levels=1|16,max_s=180,seed=42,prompt=512,output=256,stall=na,ltimeout=na,gllm=0.6.0	measured	exp=20260620-122626 n3; thermal=68C/36W	results/gb10-1988a9714b4e/RedHatAI/Qwen3-Coder-Next-NVFP4/data/20260620-124721-chat
20260620-130253-chat	5d8e5f8	gb10-1988a9714b4e	RedHatAI/Qwen3-Coder-Next-NVFP4	chat(512/256)	vllm@0.23.0(img:sha256:6d8429e38e37)	c3c96dfb	runbooks/RedHatAI/Qwen3-Coder-Next-NVFP4/20260620_gpumem-0p8_tuned.sh	422	180	42	37.43	na	na	220.6	na	105.8	c1:28/0/0;c16:158/15/0	ok	levels=1|16,max_s=180,seed=42,prompt=512,output=256,stall=na,ltimeout=na,gllm=0.6.0	measured	exp=20260620-125530 n1; thermal=67C/36W	results/gb10-1988a9714b4e/RedHatAI/Qwen3-Coder-Next-NVFP4/data/20260620-130253-chat
20260620-130915-chat	5d8e5f8	gb10-1988a9714b4e	RedHatAI/Qwen3-Coder-Next-NVFP4	chat(512/256)	vllm@0.23.0(img:sha256:6d8429e38e37)	c3c96dfb	runbooks/RedHatAI/Qwen3-Coder-Next-NVFP4/20260620_gpumem-0p8_tuned.sh	422	180	42	37.23	na	na	218.89	na	106.5	c1:28/0/0;c16:154/16/0	ok	levels=1|16,max_s=180,seed=42,prompt=512,output=256,stall=na,ltimeout=na,gllm=0.6.0	measured	exp=20260620-125530 n2; thermal=69C/36W	results/gb10-1988a9714b4e/RedHatAI/Qwen3-Coder-Next-NVFP4/data/20260620-130915-chat
20260620-131535-chat	5d8e5f8	gb10-1988a9714b4e	RedHatAI/Qwen3-Coder-Next-NVFP4	chat(512/256)	vllm@0.23.0(img:sha256:6d8429e38e37)	c3c96dfb	runbooks/RedHatAI/Qwen3-Coder-Next-NVFP4/20260620_gpumem-0p8_tuned.sh	422	180	42	37.16	na	na	221.24	na	106.5	c1:28/0/0;c16:158/15/0	ok	levels=1|16,max_s=180,seed=42,prompt=512,output=256,stall=na,ltimeout=na,gllm=0.6.0	measured	exp=20260620-125530 n3; thermal=69C/37W	results/gb10-1988a9714b4e/RedHatAI/Qwen3-Coder-Next-NVFP4/data/20260620-131535-chat
20260614-085507-chat	23da479	gb10-1988a9714b4e	RedHatAI/Qwen3.6-35B-A3B-NVFP4	chat(512/256)	vllm@0.23.0(img:sha256:6d8429e38e37)	06993b59	runbooks/RedHatAI/Qwen3.6-35B-A3B-NVFP4/baseline.sh	336	180	42	56.4	155.61	237.14	340.58	470.69	71.3	c1:39/0/0;c4:106/3/0;c8:161/7/0;c16:233/15/0;c32:315/31/0	ok	levels=1|4|8|16|32,max_s=180,seed=42,prompt=512,output=256,stall=na,ltimeout=na,gllm=0.6.0	measured	0.23.0 35B baseline; thermal=71C/36W	results/gb10-1988a9714b4e/RedHatAI/Qwen3.6-35B-A3B-NVFP4/data/20260614-085507-chat
20260614-094220-chat	5c828cf	gb10-1988a9714b4e	RedHatAI/Qwen3.6-35B-A3B-NVFP4	chat(512/256)	vllm@0.23.0(img:sha256:6d8429e38e37)	06993b59	runbooks/RedHatAI/Qwen3.6-35B-A3B-NVFP4/baseline.sh	332	180	42	55.82	na	na	344.68	na	70.4	c1:39/0/0;c16:230/15/0	ok	levels=1|16,max_s=180,seed=42,prompt=512,output=256,stall=na,ltimeout=na,gllm=0.6.0	measured	exp=20260614-093627 n1; thermal=64C/32W	results/gb10-1988a9714b4e/RedHatAI/Qwen3.6-35B-A3B-NVFP4/data/20260614-094220-chat
20260614-094840-chat	5c828cf	gb10-1988a9714b4e	RedHatAI/Qwen3.6-35B-A3B-NVFP4	chat(512/256)	vllm@0.23.0(img:sha256:6d8429e38e37)	06993b59	runbooks/RedHatAI/Qwen3.6-35B-A3B-NVFP4/baseline.sh	332	180	42	56.42	na	na	344.56	na	70.5	c1:40/0/0;c16:234/15/0	ok	levels=1|16,max_s=180,seed=42,prompt=512,output=256,stall=na,ltimeout=na,gllm=0.6.0	measured	exp=20260614-093627 n2; thermal=67C/34W	results/gb10-1988a9714b4e/RedHatAI/Qwen3.6-35B-A3B-NVFP4/data/20260614-094840-chat
20260614-101218-chat	5c828cf	gb10-1988a9714b4e	RedHatAI/Qwen3.6-35B-A3B-NVFP4	chat(512/256)	vllm@0.23.0(img:sha256:6d8429e38e37)	702e9772	runbooks/RedHatAI/Qwen3.6-35B-A3B-NVFP4/20260614_moe-auto_tuned.sh	336	180	42	56.61	na	na	342.92	na	70.1	c1:40/0/0;c16:230/15/0	ok	levels=1|16,max_s=180,seed=42,prompt=512,output=256,stall=na,ltimeout=na,gllm=0.6.0	measured	exp=20260614-100615 n1; thermal=67C/35W	results/gb10-1988a9714b4e/RedHatAI/Qwen3.6-35B-A3B-NVFP4/data/20260614-101218-chat
20260614-101842-chat	5c828cf	gb10-1988a9714b4e	RedHatAI/Qwen3.6-35B-A3B-NVFP4	chat(512/256)	vllm@0.23.0(img:sha256:6d8429e38e37)	702e9772	runbooks/RedHatAI/Qwen3.6-35B-A3B-NVFP4/20260614_moe-auto_tuned.sh	336	180	42	56.27	na	na	342.43	na	70.6	c1:39/0/0;c16:233/15/0	ok	levels=1|16,max_s=180,seed=42,prompt=512,output=256,stall=na,ltimeout=na,gllm=0.6.0	measured	exp=20260614-100615 n2; thermal=69C/36W	results/gb10-1988a9714b4e/RedHatAI/Qwen3.6-35B-A3B-NVFP4/data/20260614-101842-chat
20260614-102501-chat	5c828cf	gb10-1988a9714b4e	RedHatAI/Qwen3.6-35B-A3B-NVFP4	chat(512/256)	vllm@0.23.0(img:sha256:6d8429e38e37)	702e9772	runbooks/RedHatAI/Qwen3.6-35B-A3B-NVFP4/20260614_moe-auto_tuned.sh	336	180	42	56.44	na	na	342.03	na	70.6	c1:39/0/0;c16:234/15/0	ok	levels=1|16,max_s=180,seed=42,prompt=512,output=256,stall=na,ltimeout=na,gllm=0.6.0	measured	exp=20260614-100615 n3; thermal=70C/36W	results/gb10-1988a9714b4e/RedHatAI/Qwen3.6-35B-A3B-NVFP4/data/20260614-102501-chat
20260614-110227-chat	5c828cf	gb10-1988a9714b4e	RedHatAI/Qwen3.6-35B-A3B-NVFP4	chat(512/256)	vllm@0.23.0(img:sha256:6d8429e38e37)	1a7a09ad	runbooks/RedHatAI/Qwen3.6-35B-A3B-NVFP4/20260614_mtp-off_tuned.sh	301	180	42	44.23	na	na	296.38	na	69.2	c1:31/0/0;c16:202/15/0	ok	levels=1|16,max_s=180,seed=42,prompt=512,output=256,stall=na,ltimeout=na,gllm=0.6.0	measured	exp=20260614-105649 n1; thermal=67C/35W	results/gb10-1988a9714b4e/RedHatAI/Qwen3.6-35B-A3B-NVFP4/data/20260614-110227-chat
20260614-110851-chat	5c828cf	gb10-1988a9714b4e	RedHatAI/Qwen3.6-35B-A3B-NVFP4	chat(512/256)	vllm@0.23.0(img:sha256:6d8429e38e37)	1a7a09ad	runbooks/RedHatAI/Qwen3.6-35B-A3B-NVFP4/20260614_mtp-off_tuned.sh	301	180	42	43.97	na	na	294.61	na	69.5	c1:30/0/0;c16:201/15/0	ok	levels=1|16,max_s=180,seed=42,prompt=512,output=256,stall=na,ltimeout=na,gllm=0.6.0	measured	exp=20260614-105649 n2; thermal=70C/36W	results/gb10-1988a9714b4e/RedHatAI/Qwen3.6-35B-A3B-NVFP4/data/20260614-110851-chat
20260614-111510-chat	5c828cf	gb10-1988a9714b4e	RedHatAI/Qwen3.6-35B-A3B-NVFP4	chat(512/256)	vllm@0.23.0(img:sha256:6d8429e38e37)	1a7a09ad	runbooks/RedHatAI/Qwen3.6-35B-A3B-NVFP4/20260614_mtp-off_tuned.sh	301	180	42	43.87	na	na	294.25	na	70.0	c1:30/0/0;c16:201/15/0	ok	levels=1|16,max_s=180,seed=42,prompt=512,output=256,stall=na,ltimeout=na,gllm=0.6.0	measured	exp=20260614-105649 n3; thermal=70C/36W	results/gb10-1988a9714b4e/RedHatAI/Qwen3.6-35B-A3B-NVFP4/data/20260614-111510-chat
20260614-112733-chat	5c828cf	gb10-1988a9714b4e	RedHatAI/Qwen3.6-35B-A3B-NVFP4	chat(512/256)	vllm@0.23.0(img:sha256:6d8429e38e37)	d57aa337	runbooks/RedHatAI/Qwen3.6-35B-A3B-NVFP4/20260614_mtp-n2_tuned.sh	337	180	42	56.4	na	na	348.54	na	71.1	c1:40/0/0;c16:238/15/0	ok	levels=1|16,max_s=180,seed=42,prompt=512,output=256,stall=na,ltimeout=na,gllm=0.6.0	measured	exp=20260614-112134 n1; thermal=68C/36W	results/gb10-1988a9714b4e/RedHatAI/Qwen3.6-35B-A3B-NVFP4/data/20260614-112733-chat
20260614-113357-chat	5c828cf	gb10-1988a9714b4e	RedHatAI/Qwen3.6-35B-A3B-NVFP4	chat(512/256)	vllm@0.23.0(img:sha256:6d8429e38e37)	d57aa337	runbooks/RedHatAI/Qwen3.6-35B-A3B-NVFP4/20260614_mtp-n2_tuned.sh	337	180	42	56.73	na	na	355.59	na	71.1	c1:40/0/0;c16:244/15/0	ok	levels=1|16,max_s=180,seed=42,prompt=512,output=256,stall=na,ltimeout=na,gllm=0.6.0	measured	exp=20260614-112134 n2; thermal=67C/37W	results/gb10-1988a9714b4e/RedHatAI/Qwen3.6-35B-A3B-NVFP4/data/20260614-113357-chat
20260614-114020-chat	5c828cf	gb10-1988a9714b4e	RedHatAI/Qwen3.6-35B-A3B-NVFP4	chat(512/256)	vllm@0.23.0(img:sha256:6d8429e38e37)	d57aa337	runbooks/RedHatAI/Qwen3.6-35B-A3B-NVFP4/20260614_mtp-n2_tuned.sh	337	180	42	55.96	na	na	354.25	na	71.1	c1:39/0/0;c16:242/15/0	ok	levels=1|16,max_s=180,seed=42,prompt=512,output=256,stall=na,ltimeout=na,gllm=0.6.0	measured	exp=20260614-112134 n3; thermal=64C/36W	results/gb10-1988a9714b4e/RedHatAI/Qwen3.6-35B-A3B-NVFP4/data/20260614-114020-chat
20260614-115245-chat	5c828cf	gb10-1988a9714b4e	RedHatAI/Qwen3.6-35B-A3B-NVFP4	chat(512/256)	vllm@0.23.0(img:sha256:6d8429e38e37)	a9645c1b	runbooks/RedHatAI/Qwen3.6-35B-A3B-NVFP4/20260614_memutil-08_tuned.sh	336	180	42	55.47	na	na	335.13	na	106.7	c1:39/0/0;c16:226/15/0	ok	levels=1|16,max_s=180,seed=42,prompt=512,output=256,stall=na,ltimeout=na,gllm=0.6.0	measured	exp=20260614-114646 n1; thermal=68C/34W	results/gb10-1988a9714b4e/RedHatAI/Qwen3.6-35B-A3B-NVFP4/data/20260614-115245-chat
20260614-115907-chat	5c828cf	gb10-1988a9714b4e	RedHatAI/Qwen3.6-35B-A3B-NVFP4	chat(512/256)	vllm@0.23.0(img:sha256:6d8429e38e37)	a9645c1b	runbooks/RedHatAI/Qwen3.6-35B-A3B-NVFP4/20260614_memutil-08_tuned.sh	336	180	42	55.93	na	na	338.73	na	107.2	c1:39/0/0;c16:230/15/0	ok	levels=1|16,max_s=180,seed=42,prompt=512,output=256,stall=na,ltimeout=na,gllm=0.6.0	measured	exp=20260614-114646 n2; thermal=69C/35W	results/gb10-1988a9714b4e/RedHatAI/Qwen3.6-35B-A3B-NVFP4/data/20260614-115907-chat
20260614-120527-chat	5c828cf	gb10-1988a9714b4e	RedHatAI/Qwen3.6-35B-A3B-NVFP4	chat(512/256)	vllm@0.23.0(img:sha256:6d8429e38e37)	a9645c1b	runbooks/RedHatAI/Qwen3.6-35B-A3B-NVFP4/20260614_memutil-08_tuned.sh	336	180	42	55.83	na	na	336.28	na	107.7	c1:39/0/0;c16:233/15/0	ok	levels=1|16,max_s=180,seed=42,prompt=512,output=256,stall=na,ltimeout=na,gllm=0.6.0	measured	exp=20260614-114646 n3; thermal=71C/36W	results/gb10-1988a9714b4e/RedHatAI/Qwen3.6-35B-A3B-NVFP4/data/20260614-120527-chat
20260614-121849-chat	5c828cf	gb10-1988a9714b4e	RedHatAI/Qwen3.6-35B-A3B-NVFP4	chat(512/256)	vllm@0.23.0(img:sha256:6d8429e38e37)	c54d3870	runbooks/RedHatAI/Qwen3.6-35B-A3B-NVFP4/20260614_batched-32k-util08_tuned.sh	392	180	42	56.52	na	na	344.71	na	105.8	c1:39/0/0;c16:229/15/0	ok	levels=1|16,max_s=180,seed=42,prompt=512,output=256,stall=na,ltimeout=na,gllm=0.6.0	measured	exp=20260614-121153 n1; thermal=67C/35W	results/gb10-1988a9714b4e/RedHatAI/Qwen3.6-35B-A3B-NVFP4/data/20260614-121849-chat
20260614-122508-chat	5c828cf	gb10-1988a9714b4e	RedHatAI/Qwen3.6-35B-A3B-NVFP4	chat(512/256)	vllm@0.23.0(img:sha256:6d8429e38e37)	c54d3870	runbooks/RedHatAI/Qwen3.6-35B-A3B-NVFP4/20260614_batched-32k-util08_tuned.sh	392	180	42	56.02	na	na	344.04	na	105.8	c1:39/0/0;c16:234/15/0	ok	levels=1|16,max_s=180,seed=42,prompt=512,output=256,stall=na,ltimeout=na,gllm=0.6.0	measured	exp=20260614-121153 n2; thermal=70C/36W	results/gb10-1988a9714b4e/RedHatAI/Qwen3.6-35B-A3B-NVFP4/data/20260614-122508-chat
20260614-123128-chat	5c828cf	gb10-1988a9714b4e	RedHatAI/Qwen3.6-35B-A3B-NVFP4	chat(512/256)	vllm@0.23.0(img:sha256:6d8429e38e37)	c54d3870	runbooks/RedHatAI/Qwen3.6-35B-A3B-NVFP4/20260614_batched-32k-util08_tuned.sh	392	180	42	56.42	na	na	341.76	na	105.8	c1:39/0/0;c16:233/15/0	ok	levels=1|16,max_s=180,seed=42,prompt=512,output=256,stall=na,ltimeout=na,gllm=0.6.0	measured	exp=20260614-121153 n3; thermal=64C/35W	results/gb10-1988a9714b4e/RedHatAI/Qwen3.6-35B-A3B-NVFP4/data/20260614-123128-chat
20260704-192112-chat	453996d	gb10-1988a9714b4e	RedHatAI/Qwen3.6-35B-A3B-NVFP4	chat(512/256)	vllm@0.24.0(img:sha256:251eba5cc7c1)	7ca38372	runbooks/RedHatAI/Qwen3.6-35B-A3B-NVFP4/20260704_v0.24.0_baseline.sh	347	180	42	55.52	151.45	234	337.66	472.99	74.9	c1:39/0/0;c4:104/3/0;c8:158/7/0;c16:231/15/0;c32:316/31/0	ok	levels=1|4|8|16|32,max_s=180,seed=42,prompt=512,output=256,stall=na,ltimeout=na,gllm=0.6.0	measured	suite full-sweep; thermal=69C/36W	results/gb10-1988a9714b4e/RedHatAI/Qwen3.6-35B-A3B-NVFP4/data/20260704-192112-chat
20260704-204643-chat	453996d	gb10-1988a9714b4e	RedHatAI/Qwen3.6-35B-A3B-NVFP4	chat(512/256)	vllm@0.24.0(img:sha256:251eba5cc7c1)	7ca38372	runbooks/RedHatAI/Qwen3.6-35B-A3B-NVFP4/20260704_v0.24.0_baseline.sh	332	180	42	55.71	na	na	339.96	na	71.7	c1:39/0/0;c16:230/15/0	ok	levels=1|16,max_s=180,seed=42,prompt=512,output=256,stall=na,ltimeout=na,gllm=0.6.0	measured	exp=20260704-204048 n1; thermal=63C/33W	results/gb10-1988a9714b4e/RedHatAI/Qwen3.6-35B-A3B-NVFP4/data/20260704-204643-chat
20260704-211016-chat	453996d	gb10-1988a9714b4e	RedHatAI/Qwen3.6-35B-A3B-NVFP4	chat(512/256)	vllm@0.24.0(img:sha256:251eba5cc7c1)	29f9995d	runbooks/RedHatAI/Qwen3.6-35B-A3B-NVFP4/20260704_moe-auto_tuned.sh	332	180	42	55.46	na	na	339.5	na	72.0	c1:39/0/0;c16:226/15/0	ok	levels=1|16,max_s=180,seed=42,prompt=512,output=256,stall=na,ltimeout=na,gllm=0.6.0	measured	exp=20260704-210420 n1; thermal=62C/33W	results/gb10-1988a9714b4e/RedHatAI/Qwen3.6-35B-A3B-NVFP4/data/20260704-211016-chat
20260704-211637-chat	453996d	gb10-1988a9714b4e	RedHatAI/Qwen3.6-35B-A3B-NVFP4	chat(512/256)	vllm@0.24.0(img:sha256:251eba5cc7c1)	29f9995d	runbooks/RedHatAI/Qwen3.6-35B-A3B-NVFP4/20260704_moe-auto_tuned.sh	332	180	42	55.44	na	na	334.68	na	72.0	c1:39/0/0;c16:229/15/0	ok	levels=1|16,max_s=180,seed=42,prompt=512,output=256,stall=na,ltimeout=na,gllm=0.6.0	measured	exp=20260704-210420 n2; thermal=65C/34W	results/gb10-1988a9714b4e/RedHatAI/Qwen3.6-35B-A3B-NVFP4/data/20260704-211637-chat
20260704-212259-chat	453996d	gb10-1988a9714b4e	RedHatAI/Qwen3.6-35B-A3B-NVFP4	chat(512/256)	vllm@0.24.0(img:sha256:251eba5cc7c1)	29f9995d	runbooks/RedHatAI/Qwen3.6-35B-A3B-NVFP4/20260704_moe-auto_tuned.sh	332	180	42	55.23	na	na	341.12	na	72.0	c1:39/0/0;c16:232/15/0	ok	levels=1|16,max_s=180,seed=42,prompt=512,output=256,stall=na,ltimeout=na,gllm=0.6.0	measured	exp=20260704-210420 n3; thermal=66C/34W	results/gb10-1988a9714b4e/RedHatAI/Qwen3.6-35B-A3B-NVFP4/data/20260704-212259-chat
20260704-215855-chat	453996d	gb10-1988a9714b4e	RedHatAI/Qwen3.6-35B-A3B-NVFP4	chat(512/256)	vllm@0.24.0(img:sha256:251eba5cc7c1)	99d25329	runbooks/RedHatAI/Qwen3.6-35B-A3B-NVFP4/20260704_mtp-n2_tuned.sh	357	180	42	55.88	na	na	360.98	na	72.8	c1:39/0/0;c16:241/15/0	ok	levels=1|16,max_s=180,seed=42,prompt=512,output=256,stall=na,ltimeout=na,gllm=0.6.0	measured	exp=20260704-215237 n1; thermal=66C/35W	results/gb10-1988a9714b4e/RedHatAI/Qwen3.6-35B-A3B-NVFP4/data/20260704-215855-chat
20260704-220517-chat	453996d	gb10-1988a9714b4e	RedHatAI/Qwen3.6-35B-A3B-NVFP4	chat(512/256)	vllm@0.24.0(img:sha256:251eba5cc7c1)	99d25329	runbooks/RedHatAI/Qwen3.6-35B-A3B-NVFP4/20260704_mtp-n2_tuned.sh	357	180	42	55.72	na	na	361.88	na	73.3	c1:39/0/0;c16:246/14/0	ok	levels=1|16,max_s=180,seed=42,prompt=512,output=256,stall=na,ltimeout=na,gllm=0.6.0	measured	exp=20260704-215237 n2; thermal=67C/37W	results/gb10-1988a9714b4e/RedHatAI/Qwen3.6-35B-A3B-NVFP4/data/20260704-220517-chat
20260704-221137-chat	453996d	gb10-1988a9714b4e	RedHatAI/Qwen3.6-35B-A3B-NVFP4	chat(512/256)	vllm@0.24.0(img:sha256:251eba5cc7c1)	99d25329	runbooks/RedHatAI/Qwen3.6-35B-A3B-NVFP4/20260704_mtp-n2_tuned.sh	357	180	42	55.6	na	na	357.48	na	73.8	c1:39/0/0;c16:244/15/0	ok	levels=1|16,max_s=180,seed=42,prompt=512,output=256,stall=na,ltimeout=na,gllm=0.6.0	measured	exp=20260704-215237 n3; thermal=69C/37W	results/gb10-1988a9714b4e/RedHatAI/Qwen3.6-35B-A3B-NVFP4/data/20260704-221137-chat
20260704-224640-chat	d4fe51a	gb10-1988a9714b4e	RedHatAI/Qwen3.6-35B-A3B-NVFP4	chat(512/256)	vllm@0.24.0(img:sha256:251eba5cc7c1)	99d25329	runbooks/RedHatAI/Qwen3.6-35B-A3B-NVFP4/20260704_mtp-n2_tuned.sh	332	180	42	55.27	146.42	242.6	357.44	492.71	76.3	c1:38/0/0;c4:101/3/0;c8:169/7/0;c16:244/15/0;c32:328/31/0	ok	levels=1|4|8|16|32,max_s=180,seed=42,prompt=512,output=256,stall=na,ltimeout=na,gllm=0.6.0	measured	suite full-sweep; thermal=69C/38W	results/gb10-1988a9714b4e/RedHatAI/Qwen3.6-35B-A3B-NVFP4/data/20260704-224640-chat
20260712-010124-chat	f1dbb23	gb10-1988a9714b4e	RedHatAI/Qwen3.6-35B-A3B-NVFP4	chat(512/256)	vllm@0.24.0(img:sha256:251eba5cc7c1)	3cdb35e5	runbooks/RedHatAI/Qwen3.6-35B-A3B-NVFP4/VLLM-24-RedHatAI_Qwen3.6-35B-A3B_NVFP4_final.sh	332	180	42	55.12	na	na	359.4	na	82.5	c1:38/0/0;c16:241/15/0	ok	levels=1|16,max_s=180,seed=42,prompt=512,output=256,stall=na,ltimeout=na,gllm=0.6.0	measured	exp=20260712-005531 n1; thermal=65C/34W	results/gb10-1988a9714b4e/RedHatAI/Qwen3.6-35B-A3B-NVFP4/data/20260712-010124-chat
20260712-010744-chat	f1dbb23	gb10-1988a9714b4e	RedHatAI/Qwen3.6-35B-A3B-NVFP4	chat(512/256)	vllm@0.24.0(img:sha256:251eba5cc7c1)	3cdb35e5	runbooks/RedHatAI/Qwen3.6-35B-A3B-NVFP4/VLLM-24-RedHatAI_Qwen3.6-35B-A3B_NVFP4_final.sh	332	180	42	55.73	na	na	359.78	na	82.2	c1:39/0/0;c16:245/15/0	ok	levels=1|16,max_s=180,seed=42,prompt=512,output=256,stall=na,ltimeout=na,gllm=0.6.0	measured	exp=20260712-005531 n2; thermal=68C/35W	results/gb10-1988a9714b4e/RedHatAI/Qwen3.6-35B-A3B-NVFP4/data/20260712-010744-chat
20260712-011405-chat	f1dbb23	gb10-1988a9714b4e	RedHatAI/Qwen3.6-35B-A3B-NVFP4	chat(512/256)	vllm@0.24.0(img:sha256:251eba5cc7c1)	3cdb35e5	runbooks/RedHatAI/Qwen3.6-35B-A3B-NVFP4/VLLM-24-RedHatAI_Qwen3.6-35B-A3B_NVFP4_final.sh	332	180	42	55.18	na	na	357.21	na	82.2	c1:39/0/0;c16:245/14/0	ok	levels=1|16,max_s=180,seed=42,prompt=512,output=256,stall=na,ltimeout=na,gllm=0.6.0	measured	exp=20260712-005531 n3; thermal=69C/35W	results/gb10-1988a9714b4e/RedHatAI/Qwen3.6-35B-A3B-NVFP4/data/20260712-011405-chat
20260712-012654-chat	f1dbb23	gb10-1988a9714b4e	RedHatAI/Qwen3.6-35B-A3B-NVFP4	chat(512/256)	vllm@0.24.0(img:sha256:251eba5cc7c1)	322443e2	runbooks/RedHatAI/Qwen3.6-35B-A3B-NVFP4/20260712_moe-marlin-mtp-triton_tuned.sh	337	180	42	57.37	na	na	362.19	na	81.3	c1:40/0/0;c16:242/15/0	ok	levels=1|16,max_s=180,seed=42,prompt=512,output=256,stall=na,ltimeout=na,gllm=0.6.0	measured	exp=20260712-012054 n1; thermal=68C/36W	results/gb10-1988a9714b4e/RedHatAI/Qwen3.6-35B-A3B-NVFP4/data/20260712-012654-chat
20260712-013315-chat	f1dbb23	gb10-1988a9714b4e	RedHatAI/Qwen3.6-35B-A3B-NVFP4	chat(512/256)	vllm@0.24.0(img:sha256:251eba5cc7c1)	322443e2	runbooks/RedHatAI/Qwen3.6-35B-A3B-NVFP4/20260712_moe-marlin-mtp-triton_tuned.sh	337	180	42	56.93	na	na	362.18	na	81.4	c1:40/0/0;c16:247/15/0	ok	levels=1|16,max_s=180,seed=42,prompt=512,output=256,stall=na,ltimeout=na,gllm=0.6.0	measured	exp=20260712-012054 n2; thermal=70C/38W	results/gb10-1988a9714b4e/RedHatAI/Qwen3.6-35B-A3B-NVFP4/data/20260712-013315-chat
20260712-013936-chat	f1dbb23	gb10-1988a9714b4e	RedHatAI/Qwen3.6-35B-A3B-NVFP4	chat(512/256)	vllm@0.24.0(img:sha256:251eba5cc7c1)	322443e2	runbooks/RedHatAI/Qwen3.6-35B-A3B-NVFP4/20260712_moe-marlin-mtp-triton_tuned.sh	337	180	42	55.76	na	na	360.47	na	81.3	c1:39/0/0;c16:247/15/0	ok	levels=1|16,max_s=180,seed=42,prompt=512,output=256,stall=na,ltimeout=na,gllm=0.6.0	measured	exp=20260712-012054 n3; thermal=71C/37W	results/gb10-1988a9714b4e/RedHatAI/Qwen3.6-35B-A3B-NVFP4/data/20260712-013936-chat
20260712-021030-chat	f1dbb23	gb10-1988a9714b4e	RedHatAI/Qwen3.6-35B-A3B-NVFP4	chat(512/256)	vllm@0.25.0(img:sha256:fc56161ee42a)	87195d0b	runbooks/RedHatAI/Qwen3.6-35B-A3B-NVFP4/20260712_v0.25.0_baseline.sh	402	180	42	56.55	na	na	360.55	na	83.5	c1:40/0/0;c16:240/15/0	ok	levels=1|16,max_s=180,seed=42,prompt=512,output=256,stall=na,ltimeout=na,gllm=0.6.0	measured	exp=20260712-020327 n1; thermal=63C/34W	results/gb10-1988a9714b4e/RedHatAI/Qwen3.6-35B-A3B-NVFP4/data/20260712-021030-chat
20260712-021652-chat	f1dbb23	gb10-1988a9714b4e	RedHatAI/Qwen3.6-35B-A3B-NVFP4	chat(512/256)	vllm@0.25.0(img:sha256:fc56161ee42a)	87195d0b	runbooks/RedHatAI/Qwen3.6-35B-A3B-NVFP4/20260712_v0.25.0_baseline.sh	402	180	42	56.01	na	na	358.86	na	84.1	c1:39/0/0;c16:248/15/0	ok	levels=1|16,max_s=180,seed=42,prompt=512,output=256,stall=na,ltimeout=na,gllm=0.6.0	measured	exp=20260712-020327 n2; thermal=67C/35W	results/gb10-1988a9714b4e/RedHatAI/Qwen3.6-35B-A3B-NVFP4/data/20260712-021652-chat
20260712-022314-chat	f1dbb23	gb10-1988a9714b4e	RedHatAI/Qwen3.6-35B-A3B-NVFP4	chat(512/256)	vllm@0.25.0(img:sha256:fc56161ee42a)	87195d0b	runbooks/RedHatAI/Qwen3.6-35B-A3B-NVFP4/20260712_v0.25.0_baseline.sh	402	180	42	55.74	na	na	358.6	na	84.1	c1:39/0/0;c16:247/15/0	ok	levels=1|16,max_s=180,seed=42,prompt=512,output=256,stall=na,ltimeout=na,gllm=0.6.0	measured	exp=20260712-020327 n3; thermal=66C/35W	results/gb10-1988a9714b4e/RedHatAI/Qwen3.6-35B-A3B-NVFP4/data/20260712-022314-chat
20260704-193658-coder	453996d	gb10-1988a9714b4e	RedHatAI/Qwen3.6-35B-A3B-NVFP4	coder(4096/1024)	vllm@0.24.0(img:sha256:251eba5cc7c1)	7ca38372	runbooks/RedHatAI/Qwen3.6-35B-A3B-NVFP4/20260704_v0.24.0_baseline.sh	347	180	42	57.55	150.09	222.04	299.6	398.35	76.8	c1:9/0/0;c4:24/4/0;c8:36/7/0;c16:46/16/0;c32:56/32/0	ok	levels=1|4|8|16|32,max_s=180,seed=42,prompt=4096,output=1024,stall=na,ltimeout=na,gllm=0.6.0	measured	suite full-sweep; thermal=71C/38W	results/gb10-1988a9714b4e/RedHatAI/Qwen3.6-35B-A3B-NVFP4/data/20260704-193658-coder
20260704-230226-coder	d4fe51a	gb10-1988a9714b4e	RedHatAI/Qwen3.6-35B-A3B-NVFP4	coder(4096/1024)	vllm@0.24.0(img:sha256:251eba5cc7c1)	99d25329	runbooks/RedHatAI/Qwen3.6-35B-A3B-NVFP4/20260704_mtp-n2_tuned.sh	332	180	42	59.84	160.31	230.23	316.72	417.57	77.4	c1:9/1/0;c4:23/4/0;c8:39/7/0;c16:50/15/0;c32:59/31/0	ok	levels=1|4|8|16|32,max_s=180,seed=42,prompt=4096,output=1024,stall=na,ltimeout=na,gllm=0.6.0	measured	suite full-sweep; thermal=74C/41W	results/gb10-1988a9714b4e/RedHatAI/Qwen3.6-35B-A3B-NVFP4/data/20260704-230226-coder
20260614-205253-chat	b87597b	gb10-1988a9714b4e	RedHatAI/gemma-4-31B-it-NVFP4	chat(512/256)	vllm@0.23.0(img:sha256:6d8429e38e37)	63cf94ed	runbooks/RedHatAI/gemma-4-31B-it-NVFP4/baseline.sh	342	180	42	10.45	37.33	64.48	109	136.65	75.4	c1:8/0/0;c4:28/3/0;c8:49/7/0;c16:76/16/0;c32:100/31/0	ok	levels=1|4|8|16|32,max_s=180,seed=42,prompt=512,output=256,stall=na,ltimeout=na,gllm=0.6.0	measured	baseline full-sweep; thermal=68C/37W	results/gb10-1988a9714b4e/RedHatAI/gemma-4-31B-it-NVFP4/data/20260614-205253-chat
20260614-232113-chat	83a8576	gb10-1988a9714b4e	RedHatAI/gemma-4-31B-it-NVFP4	chat(512/256)	vllm@0.23.0(img:sha256:6d8429e38e37)	63cf94ed	runbooks/RedHatAI/gemma-4-31B-it-NVFP4/baseline.sh	327	180	42	10.54	na	na	103.1	na	69.4	c1:8/0/0;c16:73/15/0	ok	levels=1|16,max_s=180,seed=42,prompt=512,output=256,stall=na,ltimeout=na,gllm=0.6.0	measured	exp=20260614-231535 n1; thermal=69C/36W	results/gb10-1988a9714b4e/RedHatAI/gemma-4-31B-it-NVFP4/data/20260614-232113-chat
20260614-232748-chat	83a8576	gb10-1988a9714b4e	RedHatAI/gemma-4-31B-it-NVFP4	chat(512/256)	vllm@0.23.0(img:sha256:6d8429e38e37)	63cf94ed	runbooks/RedHatAI/gemma-4-31B-it-NVFP4/baseline.sh	327	180	42	10.47	na	na	105.1	na	69.4	c1:8/0/0;c16:73/16/0	ok	levels=1|16,max_s=180,seed=42,prompt=512,output=256,stall=na,ltimeout=na,gllm=0.6.0	measured	exp=20260614-231535 n2; thermal=72C/36W	results/gb10-1988a9714b4e/RedHatAI/gemma-4-31B-it-NVFP4/data/20260614-232748-chat
20260614-233424-chat	83a8576	gb10-1988a9714b4e	RedHatAI/gemma-4-31B-it-NVFP4	chat(512/256)	vllm@0.23.0(img:sha256:6d8429e38e37)	63cf94ed	runbooks/RedHatAI/gemma-4-31B-it-NVFP4/baseline.sh	327	180	42	10.43	na	na	104.31	na	69.4	c1:8/0/0;c16:73/16/0	ok	levels=1|16,max_s=180,seed=42,prompt=512,output=256,stall=na,ltimeout=na,gllm=0.6.0	measured	exp=20260614-231535 n3; thermal=73C/36W	results/gb10-1988a9714b4e/RedHatAI/gemma-4-31B-it-NVFP4/data/20260614-233424-chat
20260614-234718-chat	83a8576	gb10-1988a9714b4e	RedHatAI/gemma-4-31B-it-NVFP4	chat(512/256)	vllm@0.23.0(img:sha256:6d8429e38e37)	21457b7f	runbooks/RedHatAI/gemma-4-31B-it-NVFP4/20260614_kvfp8_tuned.sh	362	180	42	10.63	na	na	123.7	na	69.9	c1:8/0/0;c16:89/15/0	ok	levels=1|16,max_s=180,seed=42,prompt=512,output=256,stall=na,ltimeout=na,gllm=0.6.0	measured	exp=20260614-234105 n1; thermal=67C/35W	results/gb10-1988a9714b4e/RedHatAI/gemma-4-31B-it-NVFP4/data/20260614-234718-chat
20260614-235353-chat	83a8576	gb10-1988a9714b4e	RedHatAI/gemma-4-31B-it-NVFP4	chat(512/256)	vllm@0.23.0(img:sha256:6d8429e38e37)	21457b7f	runbooks/RedHatAI/gemma-4-31B-it-NVFP4/20260614_kvfp8_tuned.sh	362	180	42	10.62	na	na	129.16	na	69.8	c1:8/0/0;c16:91/16/0	ok	levels=1|16,max_s=180,seed=42,prompt=512,output=256,stall=na,ltimeout=na,gllm=0.6.0	measured	exp=20260614-234105 n2; thermal=65C/34W	results/gb10-1988a9714b4e/RedHatAI/gemma-4-31B-it-NVFP4/data/20260614-235353-chat
20260615-000026-chat	83a8576	gb10-1988a9714b4e	RedHatAI/gemma-4-31B-it-NVFP4	chat(512/256)	vllm@0.23.0(img:sha256:6d8429e38e37)	21457b7f	runbooks/RedHatAI/gemma-4-31B-it-NVFP4/20260614_kvfp8_tuned.sh	362	180	42	10.6	na	na	134.68	na	69.9	c1:8/0/0;c16:96/15/0	ok	levels=1|16,max_s=180,seed=42,prompt=512,output=256,stall=na,ltimeout=na,gllm=0.6.0	measured	exp=20260614-234105 n3; thermal=65C/34W	results/gb10-1988a9714b4e/RedHatAI/gemma-4-31B-it-NVFP4/data/20260615-000026-chat
20260615-002424-chat	83a8576	gb10-1988a9714b4e	RedHatAI/gemma-4-31B-it-NVFP4	chat(512/256)	vllm@0.23.0(img:sha256:6d8429e38e37)	b8ee7559	runbooks/RedHatAI/gemma-4-31B-it-NVFP4/20260614_memutil-08_tuned.sh	357	180	42	10.45	na	na	99.62	na	104.8	c1:8/0/0;c16:71/15/0	ok	levels=1|16,max_s=180,seed=42,prompt=512,output=256,stall=na,ltimeout=na,gllm=0.6.0	measured	exp=20260615-001815 n1; thermal=70C/35W	results/gb10-1988a9714b4e/RedHatAI/gemma-4-31B-it-NVFP4/data/20260615-002424-chat
20260615-003104-chat	83a8576	gb10-1988a9714b4e	RedHatAI/gemma-4-31B-it-NVFP4	chat(512/256)	vllm@0.23.0(img:sha256:6d8429e38e37)	b8ee7559	runbooks/RedHatAI/gemma-4-31B-it-NVFP4/20260614_memutil-08_tuned.sh	357	180	42	10.47	na	na	105.22	na	105.3	c1:8/0/0;c16:77/15/0	ok	levels=1|16,max_s=180,seed=42,prompt=512,output=256,stall=na,ltimeout=na,gllm=0.6.0	measured	exp=20260615-001815 n2; thermal=66C/34W	results/gb10-1988a9714b4e/RedHatAI/gemma-4-31B-it-NVFP4/data/20260615-003104-chat
20260615-003745-chat	83a8576	gb10-1988a9714b4e	RedHatAI/gemma-4-31B-it-NVFP4	chat(512/256)	vllm@0.23.0(img:sha256:6d8429e38e37)	b8ee7559	runbooks/RedHatAI/gemma-4-31B-it-NVFP4/20260614_memutil-08_tuned.sh	357	180	42	10.45	na	na	106.4	na	104.9	c1:8/0/0;c16:77/15/0	ok	levels=1|16,max_s=180,seed=42,prompt=512,output=256,stall=na,ltimeout=na,gllm=0.6.0	measured	exp=20260615-001815 n3; thermal=66C/34W	results/gb10-1988a9714b4e/RedHatAI/gemma-4-31B-it-NVFP4/data/20260615-003745-chat
20260615-005512-chat	83a8576	gb10-1988a9714b4e	RedHatAI/gemma-4-31B-it-NVFP4	chat(512/256)	vllm@0.23.0(img:sha256:6d8429e38e37)	8667ab68	runbooks/RedHatAI/gemma-4-31B-it-NVFP4/20260614_batched-16k_tuned.sh	634	180	42	10.6	na	na	104.5	na	67.4	c1:8/0/0;c16:73/15/0	ok	levels=1|16,max_s=180,seed=42,prompt=512,output=256,stall=na,ltimeout=na,gllm=0.6.0	measured	exp=20260615-004426 n1; thermal=71C/35W	results/gb10-1988a9714b4e/RedHatAI/gemma-4-31B-it-NVFP4/data/20260615-005512-chat
20260615-010146-chat	83a8576	gb10-1988a9714b4e	RedHatAI/gemma-4-31B-it-NVFP4	chat(512/256)	vllm@0.23.0(img:sha256:6d8429e38e37)	8667ab68	runbooks/RedHatAI/gemma-4-31B-it-NVFP4/20260614_batched-16k_tuned.sh	634	180	42	10.54	na	na	102.85	na	67.7	c1:8/0/0;c16:74/16/0	ok	levels=1|16,max_s=180,seed=42,prompt=512,output=256,stall=na,ltimeout=na,gllm=0.6.0	measured	exp=20260615-004426 n2; thermal=72C/37W	results/gb10-1988a9714b4e/RedHatAI/gemma-4-31B-it-NVFP4/data/20260615-010146-chat
20260615-010820-chat	83a8576	gb10-1988a9714b4e	RedHatAI/gemma-4-31B-it-NVFP4	chat(512/256)	vllm@0.23.0(img:sha256:6d8429e38e37)	8667ab68	runbooks/RedHatAI/gemma-4-31B-it-NVFP4/20260614_batched-16k_tuned.sh	634	180	42	10.51	na	na	103.04	na	67.8	c1:8/0/0;c16:73/15/0	ok	levels=1|16,max_s=180,seed=42,prompt=512,output=256,stall=na,ltimeout=na,gllm=0.6.0	measured	exp=20260615-004426 n3; thermal=72C/36W	results/gb10-1988a9714b4e/RedHatAI/gemma-4-31B-it-NVFP4/data/20260615-010820-chat
20260615-012003-chat	83a8576	gb10-1988a9714b4e	RedHatAI/gemma-4-31B-it-NVFP4	chat(512/256)	vllm@0.23.0(img:sha256:6d8429e38e37)	ec6fa25e	runbooks/RedHatAI/gemma-4-31B-it-NVFP4/20260614_linear-marlin_tuned.sh	292	180	42	10.53	na	na	82.92	na	69.2	c1:8/0/0;c16:59/15/0	ok	levels=1|16,max_s=180,seed=42,prompt=512,output=256,stall=na,ltimeout=na,gllm=0.6.0	measured	exp=20260615-011500 n1; thermal=74C/42W	results/gb10-1988a9714b4e/RedHatAI/gemma-4-31B-it-NVFP4/data/20260615-012003-chat
20260615-012638-chat	83a8576	gb10-1988a9714b4e	RedHatAI/gemma-4-31B-it-NVFP4	chat(512/256)	vllm@0.23.0(img:sha256:6d8429e38e37)	ec6fa25e	runbooks/RedHatAI/gemma-4-31B-it-NVFP4/20260614_linear-marlin_tuned.sh	292	180	42	10.47	na	na	84.59	na	69.3	c1:8/0/0;c16:61/15/0	ok	levels=1|16,max_s=180,seed=42,prompt=512,output=256,stall=na,ltimeout=na,gllm=0.6.0	measured	exp=20260615-011500 n2; thermal=75C/41W	results/gb10-1988a9714b4e/RedHatAI/gemma-4-31B-it-NVFP4/data/20260615-012638-chat
20260615-013315-chat	83a8576	gb10-1988a9714b4e	RedHatAI/gemma-4-31B-it-NVFP4	chat(512/256)	vllm@0.23.0(img:sha256:6d8429e38e37)	ec6fa25e	runbooks/RedHatAI/gemma-4-31B-it-NVFP4/20260614_linear-marlin_tuned.sh	292	180	42	10.47	na	na	85.09	na	69.3	c1:8/0/0;c16:60/16/0	ok	levels=1|16,max_s=180,seed=42,prompt=512,output=256,stall=na,ltimeout=na,gllm=0.6.0	measured	exp=20260615-011500 n3; thermal=69C/40W	results/gb10-1988a9714b4e/RedHatAI/gemma-4-31B-it-NVFP4/data/20260615-013315-chat
20260617-165508-chat	eaa0c6c	gb10-1988a9714b4e	WeiboAI/VibeThinker-3B	chat(512/256)	vllm@0.23.0(img:sha256:6d8429e38e37)	727fd7ca	runbooks/WeiboAI/VibeThinker-3B/baseline.sh	136	180	42	29.78	132.88	258.3	485.07	852.67	67.1	c1:22/0/0;c4:94/3/0;c8:184/7/0;c16:342/15/0;c32:596/31/0	ok	levels=1|4|8|16|32,max_s=180,seed=42,prompt=512,output=256,stall=na,ltimeout=na,gllm=0.6.0	measured	baseline full-sweep; thermal=76C/37W	results/gb10-1988a9714b4e/WeiboAI/VibeThinker-3B/data/20260617-165508-chat
20260617-173227-chat	141c43c	gb10-1988a9714b4e	WeiboAI/VibeThinker-3B	chat(512/256)	vllm@0.23.0(img:sha256:6d8429e38e37)	727fd7ca	runbooks/WeiboAI/VibeThinker-3B/baseline.sh	131	180	42	29.79	na	na	484.73	na	67.2	c1:22/0/0;c16:341/15/0	ok	levels=1|16,max_s=180,seed=42,prompt=512,output=256,stall=na,ltimeout=na,gllm=0.6.0	measured	exp=20260617-172950 n1; thermal=70C/36W	results/gb10-1988a9714b4e/WeiboAI/VibeThinker-3B/data/20260617-173227-chat
20260617-173847-chat	141c43c	gb10-1988a9714b4e	WeiboAI/VibeThinker-3B	chat(512/256)	vllm@0.23.0(img:sha256:6d8429e38e37)	727fd7ca	runbooks/WeiboAI/VibeThinker-3B/baseline.sh	131	180	42	29.59	na	na	509.95	na	67.4	c1:22/0/0;c16:358/15/0	ok	levels=1|16,max_s=180,seed=42,prompt=512,output=256,stall=na,ltimeout=na,gllm=0.6.0	measured	exp=20260617-172950 n2; thermal=67C/35W	results/gb10-1988a9714b4e/WeiboAI/VibeThinker-3B/data/20260617-173847-chat
20260617-174508-chat	141c43c	gb10-1988a9714b4e	WeiboAI/VibeThinker-3B	chat(512/256)	vllm@0.23.0(img:sha256:6d8429e38e37)	727fd7ca	runbooks/WeiboAI/VibeThinker-3B/baseline.sh	131	180	42	29.57	na	na	509.81	na	67.4	c1:22/0/0;c16:359/15/0	ok	levels=1|16,max_s=180,seed=42,prompt=512,output=256,stall=na,ltimeout=na,gllm=0.6.0	measured	exp=20260617-172950 n3; thermal=67C/36W	results/gb10-1988a9714b4e/WeiboAI/VibeThinker-3B/data/20260617-174508-chat
20260617-175408-chat	141c43c	gb10-1988a9714b4e	WeiboAI/VibeThinker-3B	chat(512/256)	vllm@0.23.0(img:sha256:6d8429e38e37)	98f9c5f7	runbooks/WeiboAI/VibeThinker-3B/20260617_async-sched_tuned.sh	125	180	42	29.65	na	na	483.43	na	67.4	c1:22/0/0;c16:342/15/0	ok	levels=1|16,max_s=180,seed=42,prompt=512,output=256,stall=na,ltimeout=na,gllm=0.6.0	measured	exp=20260617-175136 n1; thermal=73C/37W	results/gb10-1988a9714b4e/WeiboAI/VibeThinker-3B/data/20260617-175408-chat
20260617-180030-chat	141c43c	gb10-1988a9714b4e	WeiboAI/VibeThinker-3B	chat(512/256)	vllm@0.23.0(img:sha256:6d8429e38e37)	98f9c5f7	runbooks/WeiboAI/VibeThinker-3B/20260617_async-sched_tuned.sh	125	180	42	29.56	na	na	511.58	na	67.4	c1:22/0/0;c16:359/15/0	ok	levels=1|16,max_s=180,seed=42,prompt=512,output=256,stall=na,ltimeout=na,gllm=0.6.0	measured	exp=20260617-175136 n2; thermal=68C/35W	results/gb10-1988a9714b4e/WeiboAI/VibeThinker-3B/data/20260617-180030-chat
20260617-180701-chat	141c43c	gb10-1988a9714b4e	WeiboAI/VibeThinker-3B	chat(512/256)	vllm@0.23.0(img:sha256:6d8429e38e37)	98f9c5f7	runbooks/WeiboAI/VibeThinker-3B/20260617_async-sched_tuned.sh	125	180	42	29.57	na	na	510.38	na	67.5	c1:22/0/0;c16:359/15/0	ok	levels=1|16,max_s=180,seed=42,prompt=512,output=256,stall=na,ltimeout=na,gllm=0.6.0	measured	exp=20260617-175136 n3; thermal=67C/36W	results/gb10-1988a9714b4e/WeiboAI/VibeThinker-3B/data/20260617-180701-chat
20260617-181612-chat	141c43c	gb10-1988a9714b4e	WeiboAI/VibeThinker-3B	chat(512/256)	vllm@0.23.0(img:sha256:6d8429e38e37)	e46d5994	runbooks/WeiboAI/VibeThinker-3B/20260617_batched-32k_tuned.sh	136	180	42	29.63	na	na	480.51	na	65.8	c1:22/0/0;c16:338/16/0	ok	levels=1|16,max_s=180,seed=42,prompt=512,output=256,stall=na,ltimeout=na,gllm=0.6.0	measured	exp=20260617-181329 n1; thermal=73C/37W	results/gb10-1988a9714b4e/WeiboAI/VibeThinker-3B/data/20260617-181612-chat
20260617-182232-chat	141c43c	gb10-1988a9714b4e	WeiboAI/VibeThinker-3B	chat(512/256)	vllm@0.23.0(img:sha256:6d8429e38e37)	e46d5994	runbooks/WeiboAI/VibeThinker-3B/20260617_batched-32k_tuned.sh	136	180	42	29.53	na	na	508.35	na	65.8	c1:22/0/0;c16:358/15/0	ok	levels=1|16,max_s=180,seed=42,prompt=512,output=256,stall=na,ltimeout=na,gllm=0.6.0	measured	exp=20260617-181329 n2; thermal=67C/36W	results/gb10-1988a9714b4e/WeiboAI/VibeThinker-3B/data/20260617-182232-chat
20260617-182855-chat	141c43c	gb10-1988a9714b4e	WeiboAI/VibeThinker-3B	chat(512/256)	vllm@0.23.0(img:sha256:6d8429e38e37)	e46d5994	runbooks/WeiboAI/VibeThinker-3B/20260617_batched-32k_tuned.sh	136	180	42	29.56	na	na	507.6	na	65.7	c1:22/0/0;c16:357/15/0	ok	levels=1|16,max_s=180,seed=42,prompt=512,output=256,stall=na,ltimeout=na,gllm=0.6.0	measured	exp=20260617-181329 n3; thermal=66C/36W	results/gb10-1988a9714b4e/WeiboAI/VibeThinker-3B/data/20260617-182855-chat
20260617-171049-coder	eaa0c6c	gb10-1988a9714b4e	WeiboAI/VibeThinker-3B	coder(4096/1024)	vllm@0.23.0(img:sha256:6d8429e38e37)	727fd7ca	runbooks/WeiboAI/VibeThinker-3B/baseline.sh	136	180	42	28.61	108.98	193.92	304.42	400.26	67.1	c1:5/0/0;c4:20/3/0;c8:36/8/0;c16:55/15/0;c32:72/32/0	ok	levels=1|4|8|16|32,max_s=180,seed=42,prompt=4096,output=1024,stall=na,ltimeout=na,gllm=0.6.0	measured	baseline full-sweep; thermal=68C/37W	results/gb10-1988a9714b4e/WeiboAI/VibeThinker-3B/data/20260617-171049-coder
20260721-165139-chat	2f6abac	gb10-1988a9714b4e	antirez/DeepSeek-V4-Flash	chat(512/256)	ds4@efdadd4	04c95a57	launchers/DS4-antirez_DeepSeek-V4-Flash_q2-imatrix.sh	na	180	42	17.51	na	na	na	na	111.0	c1:12/0/0	ok	levels=1,max_s=180,seed=42,prompt=512,output=256,stall=na,ltimeout=na,gllm=0.6.0	measured	cfg=baseline temp=0 N1/3 target-only ctx32768	results/gb10-1988a9714b4e/antirez/DeepSeek-V4-Flash/data/20260721-165139-chat
20260721-165459-chat	06741c0	gb10-1988a9714b4e	antirez/DeepSeek-V4-Flash	chat(512/256)	ds4@efdadd4	04c95a57	launchers/DS4-antirez_DeepSeek-V4-Flash_q2-imatrix.sh	na	180	42	17.98	na	na	na	na	111.0	c1:12/0/0	ok	levels=1,max_s=180,seed=42,prompt=512,output=256,stall=na,ltimeout=na,gllm=0.6.0	measured	cfg=baseline temp=0 N2/3 target-only ctx32768	results/gb10-1988a9714b4e/antirez/DeepSeek-V4-Flash/data/20260721-165459-chat
20260721-165817-chat	06741c0	gb10-1988a9714b4e	antirez/DeepSeek-V4-Flash	chat(512/256)	ds4@efdadd4	04c95a57	launchers/DS4-antirez_DeepSeek-V4-Flash_q2-imatrix.sh	na	180	42	17.96	na	na	na	na	111.0	c1:12/0/0	ok	levels=1,max_s=180,seed=42,prompt=512,output=256,stall=na,ltimeout=na,gllm=0.6.0	measured	cfg=baseline temp=0 N3/3 target-only ctx32768	results/gb10-1988a9714b4e/antirez/DeepSeek-V4-Flash/data/20260721-165817-chat
20260721-170240-chat	06741c0	gb10-1988a9714b4e	antirez/DeepSeek-V4-Flash	chat(512/256)	ds4@efdadd4	cdd40f7e	launchers/DS4-antirez_DeepSeek-V4-Flash_q2-imatrix.sh	na	180	42	14.91	na	na	na	na	115.7	c1:10/0/0	ok	levels=1,max_s=180,seed=42,prompt=512,output=256,stall=na,ltimeout=na,gllm=0.6.0	measured	cfg=dspark temp=0 N1/3 dspark conf0.9 ctx32768	results/gb10-1988a9714b4e/antirez/DeepSeek-V4-Flash/data/20260721-170240-chat
20260721-170556-chat	06741c0	gb10-1988a9714b4e	antirez/DeepSeek-V4-Flash	chat(512/256)	ds4@efdadd4	cdd40f7e	launchers/DS4-antirez_DeepSeek-V4-Flash_q2-imatrix.sh	na	180	42	14.94	na	na	na	na	115.3	c1:10/0/0	ok	levels=1,max_s=180,seed=42,prompt=512,output=256,stall=na,ltimeout=na,gllm=0.6.0	measured	cfg=dspark temp=0 N2/3 dspark conf0.9 ctx32768	results/gb10-1988a9714b4e/antirez/DeepSeek-V4-Flash/data/20260721-170556-chat
20260721-170926-chat	06741c0	gb10-1988a9714b4e	antirez/DeepSeek-V4-Flash	chat(512/256)	ds4@efdadd4	cdd40f7e	launchers/DS4-antirez_DeepSeek-V4-Flash_q2-imatrix.sh	na	180	42	14.34	na	na	na	na	115.3	c1:9/0/0	ok	levels=1,max_s=180,seed=42,prompt=512,output=256,stall=na,ltimeout=na,gllm=0.6.0	measured	cfg=dspark temp=0 N3/3 dspark conf0.9 ctx32768	results/gb10-1988a9714b4e/antirez/DeepSeek-V4-Flash/data/20260721-170926-chat
20260808-125135-chat	559c8f2	gb10-1988a9714b4e	antirez/DeepSeek-V4-Flash	chat(512/256)	ds4@b030961	04c95a57	launchers/DS4-antirez_DeepSeek-V4-Flash_q2-imatrix.sh	na	180	42	19.72	na	na	na	na	111.8	c1:13/0/0	ok	levels=1,max_s=180,seed=42,prompt=512,output=256,stall=na,ltimeout=na,gllm=0.6.0	measured	cfg=engine-b030961 temp=0 N1/3 engine-update A/B vs efdadd4(17.96)	results/gb10-1988a9714b4e/antirez/DeepSeek-V4-Flash/data/20260808-125135-chat
20260808-125450-chat	559c8f2	gb10-1988a9714b4e	antirez/DeepSeek-V4-Flash	chat(512/256)	ds4@b030961	04c95a57	launchers/DS4-antirez_DeepSeek-V4-Flash_q2-imatrix.sh	na	180	42	19.62	na	na	na	na	111.8	c1:13/0/0	ok	levels=1,max_s=180,seed=42,prompt=512,output=256,stall=na,ltimeout=na,gllm=0.6.0	measured	cfg=engine-b030961 temp=0 N2/3 engine-update A/B vs efdadd4(17.96)	results/gb10-1988a9714b4e/antirez/DeepSeek-V4-Flash/data/20260808-125450-chat
20260808-125803-chat	559c8f2	gb10-1988a9714b4e	antirez/DeepSeek-V4-Flash	chat(512/256)	ds4@b030961	04c95a57	launchers/DS4-antirez_DeepSeek-V4-Flash_q2-imatrix.sh	na	180	42	19.63	na	na	na	na	111.8	c1:13/0/0	ok	levels=1,max_s=180,seed=42,prompt=512,output=256,stall=na,ltimeout=na,gllm=0.6.0	measured	cfg=engine-b030961 temp=0 N3/3 engine-update A/B vs efdadd4(17.96)	results/gb10-1988a9714b4e/antirez/DeepSeek-V4-Flash/data/20260808-125803-chat
20260808-145317-chat	d682a3d	gb10-1988a9714b4e	antirez/DeepSeek-V4-Flash	chat(512/256)	ds4@b030961	a47b0317	launchers/DS4-antirez_DeepSeek-V4-Flash_q2-imatrix.sh	na	180	42	19.68	na	na	na	na	111.9	c1:12/0/0	ok	levels=1,max_s=180,seed=42,prompt=512,output=256,stall=na,ltimeout=na,gllm=0.6.0	measured	cfg=ckpt-0731 temp=0 N1/3 checkpoint A/B vs pre-0731(19.63) same engine b030961	results/gb10-1988a9714b4e/antirez/DeepSeek-V4-Flash/data/20260808-145317-chat
20260808-145626-chat	d682a3d	gb10-1988a9714b4e	antirez/DeepSeek-V4-Flash	chat(512/256)	ds4@b030961	a47b0317	launchers/DS4-antirez_DeepSeek-V4-Flash_q2-imatrix.sh	na	180	42	19.61	na	na	na	na	111.9	c1:12/0/0	ok	levels=1,max_s=180,seed=42,prompt=512,output=256,stall=na,ltimeout=na,gllm=0.6.0	measured	cfg=ckpt-0731 temp=0 N2/3 checkpoint A/B vs pre-0731(19.63) same engine b030961	results/gb10-1988a9714b4e/antirez/DeepSeek-V4-Flash/data/20260808-145626-chat
20260808-145935-chat	d682a3d	gb10-1988a9714b4e	antirez/DeepSeek-V4-Flash	chat(512/256)	ds4@b030961	a47b0317	launchers/DS4-antirez_DeepSeek-V4-Flash_q2-imatrix.sh	na	180	42	19.55	na	na	na	na	111.9	c1:12/0/0	ok	levels=1,max_s=180,seed=42,prompt=512,output=256,stall=na,ltimeout=na,gllm=0.6.0	measured	cfg=ckpt-0731 temp=0 N3/3 checkpoint A/B vs pre-0731(19.63) same engine b030961	results/gb10-1988a9714b4e/antirez/DeepSeek-V4-Flash/data/20260808-145935-chat
20260808-183119-chat	fde266e	gb10-1988a9714b4e	antirez/DeepSeek-V4-Flash	chat(512/256)	ds4@b030961	435cfc5c	launchers/DS4-antirez_DeepSeek-V4-Flash_q2-imatrix.sh	na	180	42	19.44	na	na	na	na	112.7	c1:13/0/0	ok	levels=1,max_s=180,seed=42,prompt=512,output=256,stall=na,ltimeout=na,gllm=0.6.0	measured	cfg=ctx65536 temp=0 single sanity run after CTX 32768->65536 (pi/agent use); config-change validation	results/gb10-1988a9714b4e/antirez/DeepSeek-V4-Flash/data/20260808-183119-chat
20260809-192301-chat	404a981	gb10-1988a9714b4e	antirez/DeepSeek-V4-Flash	chat(512/256)	ds4@84cc882	435cfc5c	launchers/DS4-antirez_DeepSeek-V4-Flash_q2-imatrix.sh	na	180	42	19.27	na	na	na	na	110.8	c1:12/0/0	ok	levels=1,max_s=180,seed=42,prompt=512,output=256,stall=na,ltimeout=na,gllm=0.6.0	measured	cfg=base-targetonly-84cc882 temp=0 exp=r4base n1 round4 target-only baseline @ctx65536	results/gb10-1988a9714b4e/antirez/DeepSeek-V4-Flash/data/20260809-192301-chat
20260809-192612-chat	404a981	gb10-1988a9714b4e	antirez/DeepSeek-V4-Flash	chat(512/256)	ds4@84cc882	435cfc5c	launchers/DS4-antirez_DeepSeek-V4-Flash_q2-imatrix.sh	na	180	42	19.27	na	na	na	na	110.8	c1:12/0/0	ok	levels=1,max_s=180,seed=42,prompt=512,output=256,stall=na,ltimeout=na,gllm=0.6.0	measured	cfg=base-targetonly-84cc882 temp=0 exp=r4base n2 round4 target-only baseline @ctx65536	results/gb10-1988a9714b4e/antirez/DeepSeek-V4-Flash/data/20260809-192612-chat
20260809-192921-chat	404a981	gb10-1988a9714b4e	antirez/DeepSeek-V4-Flash	chat(512/256)	ds4@84cc882	435cfc5c	launchers/DS4-antirez_DeepSeek-V4-Flash_q2-imatrix.sh	na	180	42	19.26	na	na	na	na	110.8	c1:12/0/0	ok	levels=1,max_s=180,seed=42,prompt=512,output=256,stall=na,ltimeout=na,gllm=0.6.0	measured	cfg=base-targetonly-84cc882 temp=0 exp=r4base n3 round4 target-only baseline @ctx65536	results/gb10-1988a9714b4e/antirez/DeepSeek-V4-Flash/data/20260809-192921-chat
20260809-193337-chat	404a981	gb10-1988a9714b4e	antirez/DeepSeek-V4-Flash	chat(512/256)	ds4@84cc882	53423136	launchers/DS4-antirez_DeepSeek-V4-Flash_q2-imatrix.sh	na	180	42	20.23	na	na	na	na	115.2	c1:14/0/0	ok	levels=1,max_s=180,seed=42,prompt=512,output=256,stall=na,ltimeout=na,gllm=0.6.0	measured	cfg=dspark-default temp=0 exp=20260809-193337 n1	results/gb10-1988a9714b4e/antirez/DeepSeek-V4-Flash/data/20260809-193337-chat
20260809-193648-chat	404a981	gb10-1988a9714b4e	antirez/DeepSeek-V4-Flash	chat(512/256)	ds4@84cc882	53423136	launchers/DS4-antirez_DeepSeek-V4-Flash_q2-imatrix.sh	na	180	42	20.75	na	na	na	na	115.3	c1:14/0/0	ok	levels=1,max_s=180,seed=42,prompt=512,output=256,stall=na,ltimeout=na,gllm=0.6.0	measured	cfg=dspark-default temp=0 exp=20260809-193337 n2	results/gb10-1988a9714b4e/antirez/DeepSeek-V4-Flash/data/20260809-193648-chat
20260809-194006-chat	404a981	gb10-1988a9714b4e	antirez/DeepSeek-V4-Flash	chat(512/256)	ds4@84cc882	53423136	launchers/DS4-antirez_DeepSeek-V4-Flash_q2-imatrix.sh	na	180	42	20.61	na	na	na	na	115.2	c1:14/0/0	ok	levels=1,max_s=180,seed=42,prompt=512,output=256,stall=na,ltimeout=na,gllm=0.6.0	measured	cfg=dspark-default temp=0 exp=20260809-193337 n3	results/gb10-1988a9714b4e/antirez/DeepSeek-V4-Flash/data/20260809-194006-chat
20260809-194405-chat	404a981	gb10-1988a9714b4e	antirez/DeepSeek-V4-Flash	chat(512/256)	ds4@84cc882	c63445fb	launchers/DS4-antirez_DeepSeek-V4-Flash_q2-imatrix.sh	na	180	42	20.28	na	na	na	na	115.2	c1:15/0/0	ok	levels=1,max_s=180,seed=42,prompt=512,output=256,stall=na,ltimeout=na,gllm=0.6.0	measured	cfg=dspark-c05 temp=0 exp=20260809-194405 n1	results/gb10-1988a9714b4e/antirez/DeepSeek-V4-Flash/data/20260809-194405-chat
20260809-194721-chat	404a981	gb10-1988a9714b4e	antirez/DeepSeek-V4-Flash	chat(512/256)	ds4@84cc882	c63445fb	launchers/DS4-antirez_DeepSeek-V4-Flash_q2-imatrix.sh	na	180	42	21.56	na	na	na	na	116.2	c1:15/0/0	ok	levels=1,max_s=180,seed=42,prompt=512,output=256,stall=na,ltimeout=na,gllm=0.6.0	measured	cfg=dspark-c05 temp=0 exp=20260809-194405 n2	results/gb10-1988a9714b4e/antirez/DeepSeek-V4-Flash/data/20260809-194721-chat
20260809-195038-chat	404a981	gb10-1988a9714b4e	antirez/DeepSeek-V4-Flash	chat(512/256)	ds4@84cc882	c63445fb	launchers/DS4-antirez_DeepSeek-V4-Flash_q2-imatrix.sh	na	180	42	21.75	na	na	na	na	115.2	c1:15/0/0	ok	levels=1,max_s=180,seed=42,prompt=512,output=256,stall=na,ltimeout=na,gllm=0.6.0	measured	cfg=dspark-c05 temp=0 exp=20260809-194405 n3	results/gb10-1988a9714b4e/antirez/DeepSeek-V4-Flash/data/20260809-195038-chat
20260809-195435-chat	404a981	gb10-1988a9714b4e	antirez/DeepSeek-V4-Flash	chat(512/256)	ds4@84cc882	5556b1a2	launchers/DS4-antirez_DeepSeek-V4-Flash_q2-imatrix.sh	na	180	42	20.5	na	na	na	na	115.2	c1:13/0/0	ok	levels=1,max_s=180,seed=42,prompt=512,output=256,stall=na,ltimeout=na,gllm=0.6.0	measured	cfg=dspark-c085 temp=0 exp=20260809-195435 n1	results/gb10-1988a9714b4e/antirez/DeepSeek-V4-Flash/data/20260809-195435-chat
20260809-195744-chat	404a981	gb10-1988a9714b4e	antirez/DeepSeek-V4-Flash	chat(512/256)	ds4@84cc882	5556b1a2	launchers/DS4-antirez_DeepSeek-V4-Flash_q2-imatrix.sh	na	180	42	19.74	na	na	na	na	115.2	c1:14/0/0	ok	levels=1,max_s=180,seed=42,prompt=512,output=256,stall=na,ltimeout=na,gllm=0.6.0	measured	cfg=dspark-c085 temp=0 exp=20260809-195435 n2	results/gb10-1988a9714b4e/antirez/DeepSeek-V4-Flash/data/20260809-195744-chat
20260809-200054-chat	404a981	gb10-1988a9714b4e	antirez/DeepSeek-V4-Flash	chat(512/256)	ds4@84cc882	5556b1a2	launchers/DS4-antirez_DeepSeek-V4-Flash_q2-imatrix.sh	na	180	42	20.71	na	na	na	na	115.2	c1:14/0/0	ok	levels=1,max_s=180,seed=42,prompt=512,output=256,stall=na,ltimeout=na,gllm=0.6.0	measured	cfg=dspark-c085 temp=0 exp=20260809-195435 n3	results/gb10-1988a9714b4e/antirez/DeepSeek-V4-Flash/data/20260809-200054-chat
20260809-200450-chat	404a981	gb10-1988a9714b4e	antirez/DeepSeek-V4-Flash	chat(512/256)	ds4@84cc882	7ea7404a	launchers/DS4-antirez_DeepSeek-V4-Flash_q2-imatrix.sh	na	180	42	19.3	na	na	na	na	115.0	c1:12/0/0	ok	levels=1,max_s=180,seed=42,prompt=512,output=256,stall=na,ltimeout=na,gllm=0.6.0	measured	cfg=dspark-strict temp=0 exp=20260809-200450 n1	results/gb10-1988a9714b4e/antirez/DeepSeek-V4-Flash/data/20260809-200450-chat
20260809-200759-chat	404a981	gb10-1988a9714b4e	antirez/DeepSeek-V4-Flash	chat(512/256)	ds4@84cc882	7ea7404a	launchers/DS4-antirez_DeepSeek-V4-Flash_q2-imatrix.sh	na	180	42	19.31	na	na	na	na	115.0	c1:12/0/0	ok	levels=1,max_s=180,seed=42,prompt=512,output=256,stall=na,ltimeout=na,gllm=0.6.0	measured	cfg=dspark-strict temp=0 exp=20260809-200450 n2	results/gb10-1988a9714b4e/antirez/DeepSeek-V4-Flash/data/20260809-200759-chat
20260809-201107-chat	404a981	gb10-1988a9714b4e	antirez/DeepSeek-V4-Flash	chat(512/256)	ds4@84cc882	7ea7404a	launchers/DS4-antirez_DeepSeek-V4-Flash_q2-imatrix.sh	na	180	42	19.27	na	na	na	na	115.1	c1:12/0/0	ok	levels=1,max_s=180,seed=42,prompt=512,output=256,stall=na,ltimeout=na,gllm=0.6.0	measured	cfg=dspark-strict temp=0 exp=20260809-200450 n3	results/gb10-1988a9714b4e/antirez/DeepSeek-V4-Flash/data/20260809-201107-chat
20260809-201601-chat	404a981	gb10-1988a9714b4e	antirez/DeepSeek-V4-Flash	chat(512/256)	ds4@84cc882	3a4a9bc8	launchers/DS4-antirez_DeepSeek-V4-Flash_q2-imatrix.sh	na	180	42	20.46	na	na	na	na	115.7	c1:15/0/0	ok	levels=1,max_s=180,seed=42,prompt=512,output=256,stall=na,ltimeout=na,gllm=0.6.0	measured	cfg=dspark-c03 temp=0 exp=20260809-201601 n1	results/gb10-1988a9714b4e/antirez/DeepSeek-V4-Flash/data/20260809-201601-chat
20260809-201915-chat	404a981	gb10-1988a9714b4e	antirez/DeepSeek-V4-Flash	chat(512/256)	ds4@84cc882	3a4a9bc8	launchers/DS4-antirez_DeepSeek-V4-Flash_q2-imatrix.sh	na	180	42	20.55	na	na	na	na	115.7	c1:15/0/0	ok	levels=1,max_s=180,seed=42,prompt=512,output=256,stall=na,ltimeout=na,gllm=0.6.0	measured	cfg=dspark-c03 temp=0 exp=20260809-201601 n2	results/gb10-1988a9714b4e/antirez/DeepSeek-V4-Flash/data/20260809-201915-chat
20260809-202228-chat	404a981	gb10-1988a9714b4e	antirez/DeepSeek-V4-Flash	chat(512/256)	ds4@84cc882	3a4a9bc8	launchers/DS4-antirez_DeepSeek-V4-Flash_q2-imatrix.sh	na	180	42	20.52	na	na	na	na	115.7	c1:15/0/0	ok	levels=1,max_s=180,seed=42,prompt=512,output=256,stall=na,ltimeout=na,gllm=0.6.0	measured	cfg=dspark-c03 temp=0 exp=20260809-201601 n3	results/gb10-1988a9714b4e/antirez/DeepSeek-V4-Flash/data/20260809-202228-chat
20260809-202622-chat	404a981	gb10-1988a9714b4e	antirez/DeepSeek-V4-Flash	chat(512/256)	ds4@84cc882	51d2d9ed	launchers/DS4-antirez_DeepSeek-V4-Flash_q2-imatrix.sh	na	180	42	19.48	na	na	na	na	115.7	c1:14/0/0	ok	levels=1,max_s=180,seed=42,prompt=512,output=256,stall=na,ltimeout=na,gllm=0.6.0	measured	cfg=dspark-c00 temp=0 exp=20260809-202622 n1	results/gb10-1988a9714b4e/antirez/DeepSeek-V4-Flash/data/20260809-202622-chat
20260809-202938-chat	404a981	gb10-1988a9714b4e	antirez/DeepSeek-V4-Flash	chat(512/256)	ds4@84cc882	51d2d9ed	launchers/DS4-antirez_DeepSeek-V4-Flash_q2-imatrix.sh	na	180	42	20.5	na	na	na	na	115.7	c1:14/0/0	ok	levels=1,max_s=180,seed=42,prompt=512,output=256,stall=na,ltimeout=na,gllm=0.6.0	measured	cfg=dspark-c00 temp=0 exp=20260809-202622 n2	results/gb10-1988a9714b4e/antirez/DeepSeek-V4-Flash/data/20260809-202938-chat
20260809-203254-chat	404a981	gb10-1988a9714b4e	antirez/DeepSeek-V4-Flash	chat(512/256)	ds4@84cc882	51d2d9ed	launchers/DS4-antirez_DeepSeek-V4-Flash_q2-imatrix.sh	na	180	42	20.6	na	na	na	na	115.7	c1:14/0/0	ok	levels=1,max_s=180,seed=42,prompt=512,output=256,stall=na,ltimeout=na,gllm=0.6.0	measured	cfg=dspark-c00 temp=0 exp=20260809-202622 n3	results/gb10-1988a9714b4e/antirez/DeepSeek-V4-Flash/data/20260809-203254-chat
20260810-033033-chat	5807472	gb10-1988a9714b4e	antirez/DeepSeek-V4-Flash	chat(512/256)	ds4@84cc882	53423136	launchers/DS4-antirez_DeepSeek-V4-Flash_q2-imatrix.sh	na	180	42	21.34	na	na	na	na	115.1	c1:14/0/0	ok	levels=1,max_s=180,seed=42,prompt=512,output=256,stall=na,ltimeout=na,gllm=0.6.0	measured	cfg=r5-base-dspark-default temp=0 exp=r5base n1 round5 same-session DSpark default ref	results/gb10-1988a9714b4e/antirez/DeepSeek-V4-Flash/data/20260810-033033-chat
20260810-033348-chat	5807472	gb10-1988a9714b4e	antirez/DeepSeek-V4-Flash	chat(512/256)	ds4@84cc882	53423136	launchers/DS4-antirez_DeepSeek-V4-Flash_q2-imatrix.sh	na	180	42	20.98	na	na	na	na	115.1	c1:14/0/0	ok	levels=1,max_s=180,seed=42,prompt=512,output=256,stall=na,ltimeout=na,gllm=0.6.0	measured	cfg=r5-base-dspark-default temp=0 exp=r5base n2 round5 same-session DSpark default ref	results/gb10-1988a9714b4e/antirez/DeepSeek-V4-Flash/data/20260810-033348-chat
20260810-033704-chat	5807472	gb10-1988a9714b4e	antirez/DeepSeek-V4-Flash	chat(512/256)	ds4@84cc882	53423136	launchers/DS4-antirez_DeepSeek-V4-Flash_q2-imatrix.sh	na	180	42	20.9	na	na	na	na	115.1	c1:14/0/0	ok	levels=1,max_s=180,seed=42,prompt=512,output=256,stall=na,ltimeout=na,gllm=0.6.0	measured	cfg=r5-base-dspark-default temp=0 exp=r5base n3 round5 same-session DSpark default ref	results/gb10-1988a9714b4e/antirez/DeepSeek-V4-Flash/data/20260810-033704-chat
20260810-034126-chat	5807472	gb10-1988a9714b4e	antirez/DeepSeek-V4-Flash	chat(512/256)	ds4@84cc882	53423136	launchers/DS4-antirez_DeepSeek-V4-Flash_q2-imatrix.sh	na	180	42	21.36	na	na	na	na	115.7	c1:15/0/0	ok	levels=1,max_s=180,seed=42,prompt=512,output=256,stall=na,ltimeout=na,gllm=0.6.0	measured	cfg=sched-off temp=0 exp=20260810-034126 n1 round5 env=[DS4_DSPARK_SCHEDULER=0]	results/gb10-1988a9714b4e/antirez/DeepSeek-V4-Flash/data/20260810-034126-chat
20260810-034443-chat	5807472	gb10-1988a9714b4e	antirez/DeepSeek-V4-Flash	chat(512/256)	ds4@84cc882	53423136	launchers/DS4-antirez_DeepSeek-V4-Flash_q2-imatrix.sh	na	180	42	21.32	na	na	na	na	115.7	c1:15/0/0	ok	levels=1,max_s=180,seed=42,prompt=512,output=256,stall=na,ltimeout=na,gllm=0.6.0	measured	cfg=sched-off temp=0 exp=20260810-034126 n2 round5 env=[DS4_DSPARK_SCHEDULER=0]	results/gb10-1988a9714b4e/antirez/DeepSeek-V4-Flash/data/20260810-034443-chat
20260810-034759-chat	5807472	gb10-1988a9714b4e	antirez/DeepSeek-V4-Flash	chat(512/256)	ds4@84cc882	53423136	launchers/DS4-antirez_DeepSeek-V4-Flash_q2-imatrix.sh	na	180	42	21.36	na	na	na	na	115.7	c1:15/0/0	ok	levels=1,max_s=180,seed=42,prompt=512,output=256,stall=na,ltimeout=na,gllm=0.6.0	measured	cfg=sched-off temp=0 exp=20260810-034126 n3 round5 env=[DS4_DSPARK_SCHEDULER=0]	results/gb10-1988a9714b4e/antirez/DeepSeek-V4-Flash/data/20260810-034759-chat
20260810-035159-chat	5807472	gb10-1988a9714b4e	antirez/DeepSeek-V4-Flash	chat(512/256)	ds4@84cc882	53423136	launchers/DS4-antirez_DeepSeek-V4-Flash_q2-imatrix.sh	na	180	42	21.15	na	na	na	na	115.8	c1:14/0/0	ok	levels=1,max_s=180,seed=42,prompt=512,output=256,stall=na,ltimeout=na,gllm=0.6.0	measured	cfg=sched-skip0 temp=0 exp=20260810-035159 n1 round5 env=[DS4_DSPARK_SCHEDULER_SKIP=0]	results/gb10-1988a9714b4e/antirez/DeepSeek-V4-Flash/data/20260810-035159-chat
20260810-035512-chat	5807472	gb10-1988a9714b4e	antirez/DeepSeek-V4-Flash	chat(512/256)	ds4@84cc882	53423136	launchers/DS4-antirez_DeepSeek-V4-Flash_q2-imatrix.sh	na	180	42	21.48	na	na	na	na	115.8	c1:14/0/0	ok	levels=1,max_s=180,seed=42,prompt=512,output=256,stall=na,ltimeout=na,gllm=0.6.0	measured	cfg=sched-skip0 temp=0 exp=20260810-035159 n2 round5 env=[DS4_DSPARK_SCHEDULER_SKIP=0]	results/gb10-1988a9714b4e/antirez/DeepSeek-V4-Flash/data/20260810-035512-chat
20260810-035823-chat	5807472	gb10-1988a9714b4e	antirez/DeepSeek-V4-Flash	chat(512/256)	ds4@84cc882	53423136	launchers/DS4-antirez_DeepSeek-V4-Flash_q2-imatrix.sh	na	180	42	21.5	na	na	na	na	115.8	c1:14/0/0	ok	levels=1,max_s=180,seed=42,prompt=512,output=256,stall=na,ltimeout=na,gllm=0.6.0	measured	cfg=sched-skip0 temp=0 exp=20260810-035159 n3 round5 env=[DS4_DSPARK_SCHEDULER_SKIP=0]	results/gb10-1988a9714b4e/antirez/DeepSeek-V4-Flash/data/20260810-035823-chat
20260810-040218-chat	5807472	gb10-1988a9714b4e	antirez/DeepSeek-V4-Flash	chat(512/256)	ds4@84cc882	53423136	launchers/DS4-antirez_DeepSeek-V4-Flash_q2-imatrix.sh	na	180	42	21.25	na	na	na	na	115.7	c1:14/0/0	ok	levels=1,max_s=180,seed=42,prompt=512,output=256,stall=na,ltimeout=na,gllm=0.6.0	measured	cfg=sched-nodraft0 temp=0 exp=20260810-040218 n1 round5 env=[DS4_DSPARK_SCHEDULER_NO_DRAFT_SKIP=0]	results/gb10-1988a9714b4e/antirez/DeepSeek-V4-Flash/data/20260810-040218-chat
20260810-040529-chat	5807472	gb10-1988a9714b4e	antirez/DeepSeek-V4-Flash	chat(512/256)	ds4@84cc882	53423136	launchers/DS4-antirez_DeepSeek-V4-Flash_q2-imatrix.sh	na	180	42	21.39	na	na	na	na	115.7	c1:14/0/0	ok	levels=1,max_s=180,seed=42,prompt=512,output=256,stall=na,ltimeout=na,gllm=0.6.0	measured	cfg=sched-nodraft0 temp=0 exp=20260810-040218 n2 round5 env=[DS4_DSPARK_SCHEDULER_NO_DRAFT_SKIP=0]	results/gb10-1988a9714b4e/antirez/DeepSeek-V4-Flash/data/20260810-040529-chat
20260810-040840-chat	5807472	gb10-1988a9714b4e	antirez/DeepSeek-V4-Flash	chat(512/256)	ds4@84cc882	53423136	launchers/DS4-antirez_DeepSeek-V4-Flash_q2-imatrix.sh	na	180	42	21.41	na	na	na	na	115.7	c1:14/0/0	ok	levels=1,max_s=180,seed=42,prompt=512,output=256,stall=na,ltimeout=na,gllm=0.6.0	measured	cfg=sched-nodraft0 temp=0 exp=20260810-040218 n3 round5 env=[DS4_DSPARK_SCHEDULER_NO_DRAFT_SKIP=0]	results/gb10-1988a9714b4e/antirez/DeepSeek-V4-Flash/data/20260810-040840-chat
20260810-041234-chat	5807472	gb10-1988a9714b4e	antirez/DeepSeek-V4-Flash	chat(512/256)	ds4@84cc882	53423136	launchers/DS4-antirez_DeepSeek-V4-Flash_q2-imatrix.sh	na	180	42	21.41	na	na	na	na	115.8	c1:14/0/0	ok	levels=1,max_s=180,seed=42,prompt=512,output=256,stall=na,ltimeout=na,gllm=0.6.0	measured	cfg=sched-window1 temp=0 exp=20260810-041234 n1 round5 env=[DS4_DSPARK_SCHEDULER_WINDOW=1]	results/gb10-1988a9714b4e/antirez/DeepSeek-V4-Flash/data/20260810-041234-chat
20260810-041544-chat	5807472	gb10-1988a9714b4e	antirez/DeepSeek-V4-Flash	chat(512/256)	ds4@84cc882	53423136	launchers/DS4-antirez_DeepSeek-V4-Flash_q2-imatrix.sh	na	180	42	21.58	na	na	na	na	115.8	c1:14/0/0	ok	levels=1,max_s=180,seed=42,prompt=512,output=256,stall=na,ltimeout=na,gllm=0.6.0	measured	cfg=sched-window1 temp=0 exp=20260810-041234 n2 round5 env=[DS4_DSPARK_SCHEDULER_WINDOW=1]	results/gb10-1988a9714b4e/antirez/DeepSeek-V4-Flash/data/20260810-041544-chat
20260810-041852-chat	5807472	gb10-1988a9714b4e	antirez/DeepSeek-V4-Flash	chat(512/256)	ds4@84cc882	53423136	launchers/DS4-antirez_DeepSeek-V4-Flash_q2-imatrix.sh	na	180	42	21.49	na	na	na	na	115.8	c1:14/0/0	ok	levels=1,max_s=180,seed=42,prompt=512,output=256,stall=na,ltimeout=na,gllm=0.6.0	measured	cfg=sched-window1 temp=0 exp=20260810-041234 n3 round5 env=[DS4_DSPARK_SCHEDULER_WINDOW=1]	results/gb10-1988a9714b4e/antirez/DeepSeek-V4-Flash/data/20260810-041852-chat
20260709-053426-chat	cdd29ed	gb10-1988a9714b4e	nvidia/NVIDIA-Nemotron-Labs-3-Puzzle-75B-A9B-NVFP4	chat(512/256)	vllm@0.24.0(img:sha256:251eba5cc7c1)	0961d3ae	runbooks/nvidia/NVIDIA-Nemotron-Labs-3-Puzzle-75B-A9B-NVFP4/baseline.sh	462	180	42	20.42	64.31	102.77	154.3	211.29	100.1	c1:14/0/0;c4:45/3/0;c8:68/7/0;c16:100/15/0;c32:135/32/0	ok	levels=1|4|8|16|32,max_s=180,seed=42,prompt=512,output=256,stall=na,ltimeout=na,gllm=0.6.0	measured	suite full-sweep; thermal=66C/37W	results/gb10-1988a9714b4e/nvidia/NVIDIA-Nemotron-Labs-3-Puzzle-75B-A9B-NVFP4/data/20260709-053426-chat
20260709-070249-chat	f8140fa	gb10-1988a9714b4e	nvidia/NVIDIA-Nemotron-Labs-3-Puzzle-75B-A9B-NVFP4	chat(512/256)	vllm@0.24.0(img:sha256:251eba5cc7c1)	81f55234	runbooks/nvidia/NVIDIA-Nemotron-Labs-3-Puzzle-75B-A9B-NVFP4/20260709_mtp-n1_tuned.sh	543	180	42	29.04	na	na	169.27	na	96.1	c1:20/0/0;c16:110/15/0	ok	levels=1|16,max_s=180,seed=42,prompt=512,output=256,stall=na,ltimeout=na,gllm=0.6.0	measured	exp=20260709-065313 n1; thermal=66C/32W	results/gb10-1988a9714b4e/nvidia/NVIDIA-Nemotron-Labs-3-Puzzle-75B-A9B-NVFP4/data/20260709-070249-chat
20260709-070947-chat	f8140fa	gb10-1988a9714b4e	nvidia/NVIDIA-Nemotron-Labs-3-Puzzle-75B-A9B-NVFP4	chat(512/256)	vllm@0.24.0(img:sha256:251eba5cc7c1)	81f55234	runbooks/nvidia/NVIDIA-Nemotron-Labs-3-Puzzle-75B-A9B-NVFP4/20260709_mtp-n1_tuned.sh	543	180	42	28.78	na	na	169.31	na	95.8	c1:20/0/0;c16:113/15/0	ok	levels=1|16,max_s=180,seed=42,prompt=512,output=256,stall=na,ltimeout=na,gllm=0.6.0	measured	exp=20260709-065313 n2; thermal=68C/33W	results/gb10-1988a9714b4e/nvidia/NVIDIA-Nemotron-Labs-3-Puzzle-75B-A9B-NVFP4/data/20260709-070947-chat
20260709-071646-chat	f8140fa	gb10-1988a9714b4e	nvidia/NVIDIA-Nemotron-Labs-3-Puzzle-75B-A9B-NVFP4	chat(512/256)	vllm@0.24.0(img:sha256:251eba5cc7c1)	81f55234	runbooks/nvidia/NVIDIA-Nemotron-Labs-3-Puzzle-75B-A9B-NVFP4/20260709_mtp-n1_tuned.sh	543	180	42	29.93	na	na	170.13	na	96.0	c1:21/0/0;c16:114/15/0	ok	levels=1|16,max_s=180,seed=42,prompt=512,output=256,stall=na,ltimeout=na,gllm=0.6.0	measured	exp=20260709-065313 n3; thermal=69C/34W	results/gb10-1988a9714b4e/nvidia/NVIDIA-Nemotron-Labs-3-Puzzle-75B-A9B-NVFP4/data/20260709-071646-chat
20260709-074634-chat	0b9971f	gb10-1988a9714b4e	nvidia/NVIDIA-Nemotron-Labs-3-Puzzle-75B-A9B-NVFP4	chat(512/256)	vllm@0.24.0(img:sha256:251eba5cc7c1)	84a28d86	runbooks/nvidia/NVIDIA-Nemotron-Labs-3-Puzzle-75B-A9B-NVFP4/20260709_mtp-async_tuned.sh	537	180	42	28.56	na	na	169.84	na	96.2	c1:20/0/0;c16:111/15/0	ok	levels=1|16,max_s=180,seed=42,prompt=512,output=256,stall=na,ltimeout=na,gllm=0.6.0	measured	exp=20260709-073707 n1; thermal=65C/32W	results/gb10-1988a9714b4e/nvidia/NVIDIA-Nemotron-Labs-3-Puzzle-75B-A9B-NVFP4/data/20260709-074634-chat
20260709-075337-chat	0b9971f	gb10-1988a9714b4e	nvidia/NVIDIA-Nemotron-Labs-3-Puzzle-75B-A9B-NVFP4	chat(512/256)	vllm@0.24.0(img:sha256:251eba5cc7c1)	84a28d86	runbooks/nvidia/NVIDIA-Nemotron-Labs-3-Puzzle-75B-A9B-NVFP4/20260709_mtp-async_tuned.sh	537	180	42	29.36	na	na	166.61	na	96.3	c1:20/0/0;c16:114/15/0	ok	levels=1|16,max_s=180,seed=42,prompt=512,output=256,stall=na,ltimeout=na,gllm=0.6.0	measured	exp=20260709-073707 n2; thermal=67C/33W	results/gb10-1988a9714b4e/nvidia/NVIDIA-Nemotron-Labs-3-Puzzle-75B-A9B-NVFP4/data/20260709-075337-chat
20260709-080035-chat	0b9971f	gb10-1988a9714b4e	nvidia/NVIDIA-Nemotron-Labs-3-Puzzle-75B-A9B-NVFP4	chat(512/256)	vllm@0.24.0(img:sha256:251eba5cc7c1)	84a28d86	runbooks/nvidia/NVIDIA-Nemotron-Labs-3-Puzzle-75B-A9B-NVFP4/20260709_mtp-async_tuned.sh	537	180	42	28.99	na	na	164.81	na	96.4	c1:20/0/0;c16:111/15/0	ok	levels=1|16,max_s=180,seed=42,prompt=512,output=256,stall=na,ltimeout=na,gllm=0.6.0	measured	exp=20260709-073707 n3; thermal=68C/33W	results/gb10-1988a9714b4e/nvidia/NVIDIA-Nemotron-Labs-3-Puzzle-75B-A9B-NVFP4/data/20260709-080035-chat
20260709-084800-chat	c2dda98	gb10-1988a9714b4e	nvidia/NVIDIA-Nemotron-Labs-3-Puzzle-75B-A9B-NVFP4	chat(512/256)	vllm@0.24.0(img:sha256:251eba5cc7c1)	81f55234	runbooks/nvidia/NVIDIA-Nemotron-Labs-3-Puzzle-75B-A9B-NVFP4/20260709_mtp-n1_tuned.sh	578	180	42	29.5	79.19	121.33	173.06	240.43	100.6	c1:19/1/0;c4:54/3/0;c8:79/7/0;c16:112/16/0;c32:152/31/0	ok	levels=1|4|8|16|32,max_s=180,seed=42,prompt=512,output=256,stall=na,ltimeout=na,gllm=0.6.0	measured	suite full-sweep; thermal=65C/36W	results/gb10-1988a9714b4e/nvidia/NVIDIA-Nemotron-Labs-3-Puzzle-75B-A9B-NVFP4/data/20260709-084800-chat
20260621-073756-chat	7c3b31a	gb10-1988a9714b4e	nvidia/Qwen3-Next-80B-A3B-Instruct-NVFP4	chat(512/256)	vllm@0.23.0(img:vllm-openai:0.23.0-qwen3nextmtp-fix)	5dab2e11	runbooks/nvidia/Qwen3-Next-80B-A3B-Instruct-NVFP4/baseline.sh	503	180	42	38.99	112.45	166.8	237.15	322.22	72.1	c1:29/0/0;c4:78/4/0;c8:117/7/0;c16:169/16/0;c32:229/32/0	ok	levels=1|4|8|16|32,max_s=180,seed=42,prompt=512,output=256,stall=na,ltimeout=na,gllm=0.6.0	measured	suite full-sweep; thermal=62C/35W	results/gb10-1988a9714b4e/nvidia/Qwen3-Next-80B-A3B-Instruct-NVFP4/data/20260621-073756-chat
20260621-084434-chat	7c3b31a	gb10-1988a9714b4e	nvidia/Qwen3-Next-80B-A3B-Instruct-NVFP4	chat(512/256)	vllm@0.23.0(img:vllm-openai:0.23.0-qwen3nextmtp-fix)	d1c38405	runbooks/nvidia/Qwen3-Next-80B-A3B-Instruct-NVFP4/20260621_mtp-n1_tuned.sh	497	180	42	50.75	na	na	264.13	na	69.5	c1:36/0/0;c16:187/15/0	ok	levels=1|16,max_s=180,seed=42,prompt=512,output=256,stall=na,ltimeout=na,gllm=0.6.0	measured	exp=20260621-083612 n1; thermal=64C/34W	results/gb10-1988a9714b4e/nvidia/Qwen3-Next-80B-A3B-Instruct-NVFP4/data/20260621-084434-chat
20260621-085054-chat	7c3b31a	gb10-1988a9714b4e	nvidia/Qwen3-Next-80B-A3B-Instruct-NVFP4	chat(512/256)	vllm@0.23.0(img:vllm-openai:0.23.0-qwen3nextmtp-fix)	d1c38405	runbooks/nvidia/Qwen3-Next-80B-A3B-Instruct-NVFP4/20260621_mtp-n1_tuned.sh	497	180	42	50.53	na	na	267.77	na	69.5	c1:36/0/0;c16:190/16/0	ok	levels=1|16,max_s=180,seed=42,prompt=512,output=256,stall=na,ltimeout=na,gllm=0.6.0	measured	exp=20260621-083612 n2; thermal=66C/35W	results/gb10-1988a9714b4e/nvidia/Qwen3-Next-80B-A3B-Instruct-NVFP4/data/20260621-085054-chat
20260621-085714-chat	7c3b31a	gb10-1988a9714b4e	nvidia/Qwen3-Next-80B-A3B-Instruct-NVFP4	chat(512/256)	vllm@0.23.0(img:vllm-openai:0.23.0-qwen3nextmtp-fix)	d1c38405	runbooks/nvidia/Qwen3-Next-80B-A3B-Instruct-NVFP4/20260621_mtp-n1_tuned.sh	497	180	42	50.63	na	na	266.52	na	69.5	c1:36/0/0;c16:190/15/0	ok	levels=1|16,max_s=180,seed=42,prompt=512,output=256,stall=na,ltimeout=na,gllm=0.6.0	measured	exp=20260621-083612 n3; thermal=67C/35W	results/gb10-1988a9714b4e/nvidia/Qwen3-Next-80B-A3B-Instruct-NVFP4/data/20260621-085714-chat
20260621-091414-chat	ef29283	gb10-1988a9714b4e	nvidia/Qwen3-Next-80B-A3B-Instruct-NVFP4	chat(512/256)	vllm@0.23.0(img:vllm-openai:0.23.0-qwen3nextmtp-fix)	53d9d746	runbooks/nvidia/Qwen3-Next-80B-A3B-Instruct-NVFP4/20260620_mtp-n2_tuned.sh	552	180	42	47.2	na	na	269.45	na	69.4	c1:34/0/0;c16:187/15/0	ok	levels=1|16,max_s=180,seed=42,prompt=512,output=256,stall=na,ltimeout=na,gllm=0.6.0	measured	exp=20260621-090456 n1; thermal=65C/35W	results/gb10-1988a9714b4e/nvidia/Qwen3-Next-80B-A3B-Instruct-NVFP4/data/20260621-091414-chat
20260621-092032-chat	ef29283	gb10-1988a9714b4e	nvidia/Qwen3-Next-80B-A3B-Instruct-NVFP4	chat(512/256)	vllm@0.23.0(img:vllm-openai:0.23.0-qwen3nextmtp-fix)	53d9d746	runbooks/nvidia/Qwen3-Next-80B-A3B-Instruct-NVFP4/20260620_mtp-n2_tuned.sh	552	180	42	47.66	na	na	271.8	na	69.4	c1:34/1/0;c16:192/16/0	ok	levels=1|16,max_s=180,seed=42,prompt=512,output=256,stall=na,ltimeout=na,gllm=0.6.0	measured	exp=20260621-090456 n2; thermal=67C/36W	results/gb10-1988a9714b4e/nvidia/Qwen3-Next-80B-A3B-Instruct-NVFP4/data/20260621-092032-chat
20260621-092649-chat	ef29283	gb10-1988a9714b4e	nvidia/Qwen3-Next-80B-A3B-Instruct-NVFP4	chat(512/256)	vllm@0.23.0(img:vllm-openai:0.23.0-qwen3nextmtp-fix)	53d9d746	runbooks/nvidia/Qwen3-Next-80B-A3B-Instruct-NVFP4/20260620_mtp-n2_tuned.sh	552	180	42	46.66	na	na	269.36	na	69.4	c1:34/0/0;c16:191/16/0	ok	levels=1|16,max_s=180,seed=42,prompt=512,output=256,stall=na,ltimeout=na,gllm=0.6.0	measured	exp=20260621-090456 n3; thermal=68C/35W	results/gb10-1988a9714b4e/nvidia/Qwen3-Next-80B-A3B-Instruct-NVFP4/data/20260621-092649-chat
20260621-115502-chat	a972709	gb10-1988a9714b4e	nvidia/Qwen3-Next-80B-A3B-Instruct-NVFP4	chat(512/256)	vllm@0.23.0(img:vllm-openai:0.23.0-qwen3nextmtp-fix)	d1c38405	runbooks/nvidia/Qwen3-Next-80B-A3B-Instruct-NVFP4/20260621_mtp-n1_tuned.sh	487	180	42	50.81	127.66	185.3	266.74	362.54	69.5	c1:36/0/0;c4:91/3/0;c8:133/7/0;c16:190/15/0;c32:257/31/0	ok	levels=1|4|8|16|32,max_s=180,seed=42,prompt=512,output=256,stall=na,ltimeout=na,gllm=0.6.0	measured	suite full-sweep; thermal=64C/37W	results/gb10-1988a9714b4e/nvidia/Qwen3-Next-80B-A3B-Instruct-NVFP4/data/20260621-115502-chat
20260621-075339-coder	7c3b31a	gb10-1988a9714b4e	nvidia/Qwen3-Next-80B-A3B-Instruct-NVFP4	coder(4096/1024)	vllm@0.23.0(img:vllm-openai:0.23.0-qwen3nextmtp-fix)	5dab2e11	runbooks/nvidia/Qwen3-Next-80B-A3B-Instruct-NVFP4/baseline.sh	503	180	42	38.39	96.09	127.64	167.83	167.38	72.2	c1:7/0/0;c4:19/3/0;c8:24/7/0;c16:30/15/0;c32:34/31/0	ok	levels=1|4|8|16|32,max_s=180,seed=42,prompt=4096,output=1024,stall=na,ltimeout=na,gllm=0.6.0	measured	suite full-sweep; thermal=64C/37W	results/gb10-1988a9714b4e/nvidia/Qwen3-Next-80B-A3B-Instruct-NVFP4/data/20260621-075339-coder
20260621-121048-coder	a972709	gb10-1988a9714b4e	nvidia/Qwen3-Next-80B-A3B-Instruct-NVFP4	coder(4096/1024)	vllm@0.23.0(img:vllm-openai:0.23.0-qwen3nextmtp-fix)	d1c38405	runbooks/nvidia/Qwen3-Next-80B-A3B-Instruct-NVFP4/20260621_mtp-n1_tuned.sh	487	180	42	50.68	112.89	158.4	196.38	210.7	69.5	c1:9/0/0;c4:21/3/0;c8:29/8/0;c16:35/16/0;c32:40/31/0	ok	levels=1|4|8|16|32,max_s=180,seed=42,prompt=4096,output=1024,stall=na,ltimeout=na,gllm=0.6.0	measured	suite full-sweep; thermal=66C/38W	results/gb10-1988a9714b4e/nvidia/Qwen3-Next-80B-A3B-Instruct-NVFP4/data/20260621-121048-coder
20260622-195737-chat	2b30c96	gb10-1988a9714b4e	nvidia/Qwen3-Next-80B-A3B-Thinking-NVFP4	chat(512/256)	vllm@0.23.0(img:vllm-openai:0.23.0-qwen3nextmtp-fix)	9ec452d3	runbooks/nvidia/Qwen3-Next-80B-A3B-Thinking-NVFP4/baseline.sh	447	180	42	42.3	121.47	176.55	256.85	361.92	70.1	c1:30/0/0;c4:81/3/0;c8:122/7/0;c16:174/15/0;c32:239/31/0	ok	levels=1|4|8|16|32,max_s=180,seed=42,prompt=512,output=256,stall=na,ltimeout=na,gllm=0.6.0	measured	suite full-sweep; thermal=62C/36W	results/gb10-1988a9714b4e/nvidia/Qwen3-Next-80B-A3B-Thinking-NVFP4/data/20260622-195737-chat
20260623-024705-chat	2b30c96	gb10-1988a9714b4e	nvidia/Qwen3-Next-80B-A3B-Thinking-NVFP4	chat(512/256)	vllm@0.23.0(img:vllm-openai:0.23.0-qwen3nextmtp-fix)	3f73e58f	runbooks/nvidia/Qwen3-Next-80B-A3B-Thinking-NVFP4/20260622_mtp-n1_tuned.sh	477	180	42	56.23	na	na	295.14	na	69.2	c1:39/0/0;c16:198/15/0	ok	levels=1|16,max_s=180,seed=42,prompt=512,output=256,stall=na,ltimeout=na,gllm=0.6.0	measured	exp=20260623-023841 n1; thermal=62C/34W	results/gb10-1988a9714b4e/nvidia/Qwen3-Next-80B-A3B-Thinking-NVFP4/data/20260623-024705-chat
20260623-025324-chat	2b30c96	gb10-1988a9714b4e	nvidia/Qwen3-Next-80B-A3B-Thinking-NVFP4	chat(512/256)	vllm@0.23.0(img:vllm-openai:0.23.0-qwen3nextmtp-fix)	3f73e58f	runbooks/nvidia/Qwen3-Next-80B-A3B-Thinking-NVFP4/20260622_mtp-n1_tuned.sh	477	180	42	55.94	na	na	293.2	na	69.2	c1:39/0/0;c16:200/15/0	ok	levels=1|16,max_s=180,seed=42,prompt=512,output=256,stall=na,ltimeout=na,gllm=0.6.0	measured	exp=20260623-023841 n2; thermal=64C/35W	results/gb10-1988a9714b4e/nvidia/Qwen3-Next-80B-A3B-Thinking-NVFP4/data/20260623-025324-chat
20260623-025942-chat	2b30c96	gb10-1988a9714b4e	nvidia/Qwen3-Next-80B-A3B-Thinking-NVFP4	chat(512/256)	vllm@0.23.0(img:vllm-openai:0.23.0-qwen3nextmtp-fix)	3f73e58f	runbooks/nvidia/Qwen3-Next-80B-A3B-Thinking-NVFP4/20260622_mtp-n1_tuned.sh	477	180	42	56.34	na	na	296.07	na	69.3	c1:40/0/0;c16:203/15/0	ok	levels=1|16,max_s=180,seed=42,prompt=512,output=256,stall=na,ltimeout=na,gllm=0.6.0	measured	exp=20260623-023841 n3; thermal=65C/35W	results/gb10-1988a9714b4e/nvidia/Qwen3-Next-80B-A3B-Thinking-NVFP4/data/20260623-025942-chat
20260622-201325-coder	2b30c96	gb10-1988a9714b4e	nvidia/Qwen3-Next-80B-A3B-Thinking-NVFP4	coder(4096/1024)	vllm@0.23.0(img:vllm-openai:0.23.0-qwen3nextmtp-fix)	9ec452d3	runbooks/nvidia/Qwen3-Next-80B-A3B-Thinking-NVFP4/baseline.sh	447	180	42	49.33	107.34	165.2	219.15	248.59	70.2	c1:7/0/0;c4:18/3/0;c8:26/7/0;c16:32/16/0;c32:35/32/0	ok	levels=1|4|8|16|32,max_s=180,seed=42,prompt=4096,output=1024,stall=na,ltimeout=na,gllm=0.6.0	measured	suite full-sweep; thermal=64C/38W	results/gb10-1988a9714b4e/nvidia/Qwen3-Next-80B-A3B-Thinking-NVFP4/data/20260622-201325-coder
20260625-051518-chat	bf0c5d9	gb10-1988a9714b4e	unsloth/Qwen3.6-27B-NVFP4	chat(512/256)	vllm@0.23.0(img:sha256:6d8429e38e37)	c8b4b165	runbooks/unsloth/Qwen3.6-27B-NVFP4/baseline.sh	406	180	42	12.1	41.54	72.71	122.61	192.34	72.4	c1:8/0/0;c4:26/3/0;c8:48/7/0;c16:77/15/0;c32:116/31/0	ok	levels=1|4|8|16|32,max_s=180,seed=42,prompt=512,output=256,stall=na,ltimeout=na,gllm=0.6.0	measured	suite full-sweep; thermal=65C/36W	results/gb10-1988a9714b4e/unsloth/Qwen3.6-27B-NVFP4/data/20260625-051518-chat
20260625-080406-chat	e23edc1	gb10-1988a9714b4e	unsloth/Qwen3.6-27B-NVFP4	chat(512/256)	vllm@0.23.0(img:sha256:6d8429e38e37)	7b3bf618	runbooks/unsloth/Qwen3.6-27B-NVFP4/20260624_mtp-n1_tuned.sh	482	180	42	16.85	na	na	159.42	na	69.9	c1:10/0/0;c16:103/15/0	ok	levels=1|16,max_s=180,seed=42,prompt=512,output=256,stall=na,ltimeout=na,gllm=0.6.0	measured	exp=20260625-075509 n1; thermal=71C/37W	results/gb10-1988a9714b4e/unsloth/Qwen3.6-27B-NVFP4/data/20260625-080406-chat
20260625-081027-chat	e23edc1	gb10-1988a9714b4e	unsloth/Qwen3.6-27B-NVFP4	chat(512/256)	vllm@0.23.0(img:sha256:6d8429e38e37)	7b3bf618	runbooks/unsloth/Qwen3.6-27B-NVFP4/20260624_mtp-n1_tuned.sh	482	180	42	16.83	na	na	161.51	na	69.9	c1:11/0/0;c16:103/15/0	ok	levels=1|16,max_s=180,seed=42,prompt=512,output=256,stall=na,ltimeout=na,gllm=0.6.0	measured	exp=20260625-075509 n2; thermal=72C/38W	results/gb10-1988a9714b4e/unsloth/Qwen3.6-27B-NVFP4/data/20260625-081027-chat
20260625-081656-chat	e23edc1	gb10-1988a9714b4e	unsloth/Qwen3.6-27B-NVFP4	chat(512/256)	vllm@0.23.0(img:sha256:6d8429e38e37)	7b3bf618	runbooks/unsloth/Qwen3.6-27B-NVFP4/20260624_mtp-n1_tuned.sh	482	180	42	16.84	na	na	167.1	na	69.9	c1:10/0/0;c16:107/15/0	ok	levels=1|16,max_s=180,seed=42,prompt=512,output=256,stall=na,ltimeout=na,gllm=0.6.0	measured	exp=20260625-075509 n3; thermal=73C/38W	results/gb10-1988a9714b4e/unsloth/Qwen3.6-27B-NVFP4/data/20260625-081656-chat
20260712-175720-chat	831553c	gb10-1988a9714b4e	unsloth/Qwen3.6-35B-A3B-NVFP4-Fast	chat(512/256)	vllm@0.25.0(img:sha256:fc56161ee42a)	742cbc69	runbooks/unsloth/Qwen3.6-35B-A3B-NVFP4-Fast/baseline.sh	402	180	42	76.67	na	na	402.78	na	80.7	c1:54/0/0;c16:270/15/0	ok	levels=1|16,max_s=180,seed=42,prompt=512,output=256,stall=na,ltimeout=na,gllm=0.6.0	measured	exp=20260712-175036 n1; thermal=63C/33W	results/gb10-1988a9714b4e/unsloth/Qwen3.6-35B-A3B-NVFP4-Fast/data/20260712-175720-chat
20260712-180343-chat	831553c	gb10-1988a9714b4e	unsloth/Qwen3.6-35B-A3B-NVFP4-Fast	chat(512/256)	vllm@0.25.0(img:sha256:fc56161ee42a)	742cbc69	runbooks/unsloth/Qwen3.6-35B-A3B-NVFP4-Fast/baseline.sh	402	180	42	77.81	na	na	409.73	na	81.2	c1:55/0/0;c16:280/15/0	ok	levels=1|16,max_s=180,seed=42,prompt=512,output=256,stall=na,ltimeout=na,gllm=0.6.0	measured	exp=20260712-175036 n2; thermal=66C/34W	results/gb10-1988a9714b4e/unsloth/Qwen3.6-35B-A3B-NVFP4-Fast/data/20260712-180343-chat
20260712-181006-chat	831553c	gb10-1988a9714b4e	unsloth/Qwen3.6-35B-A3B-NVFP4-Fast	chat(512/256)	vllm@0.25.0(img:sha256:fc56161ee42a)	742cbc69	runbooks/unsloth/Qwen3.6-35B-A3B-NVFP4-Fast/baseline.sh	402	180	42	76.98	na	na	404.95	na	82.5	c1:54/0/0;c16:278/15/0	ok	levels=1|16,max_s=180,seed=42,prompt=512,output=256,stall=na,ltimeout=na,gllm=0.6.0	measured	exp=20260712-175036 n3; thermal=67C/34W	results/gb10-1988a9714b4e/unsloth/Qwen3.6-35B-A3B-NVFP4-Fast/data/20260712-181006-chat
20260712-182418-chat	831553c	gb10-1988a9714b4e	unsloth/Qwen3.6-35B-A3B-NVFP4-Fast	chat(512/256)	vllm@0.25.0(img:sha256:fc56161ee42a)	d3dc0567	runbooks/unsloth/Qwen3.6-35B-A3B-NVFP4-Fast/VLLM-25-unsloth_Qwen3.6-35B-A3B-NVFP4-Fast_final.sh	422	180	42	na	na	na	na	539.07	83.5	c32:348/31/0	ok	levels=32,max_s=180,seed=42,prompt=512,output=256,stall=na,ltimeout=na,gllm=0.6.0	measured	char-c32; thermal=64C/39W	results/gb10-1988a9714b4e/unsloth/Qwen3.6-35B-A3B-NVFP4-Fast/data/20260712-182418-chat
20260712-182735-coder	831553c	gb10-1988a9714b4e	unsloth/Qwen3.6-35B-A3B-NVFP4-Fast	coder(4096/1024)	vllm@0.25.0(img:sha256:fc56161ee42a)	d3dc0567	runbooks/unsloth/Qwen3.6-35B-A3B-NVFP4-Fast/VLLM-25-unsloth_Qwen3.6-35B-A3B-NVFP4-Fast_final.sh	422	180	42	80.28	174	280.65	367.19	476.01	84.5	c1:13/1/0;c4:28/4/0;c8:45/8/0;c16:56/16/0;c32:65/32/0	ok	levels=1|4|8|16|32,max_s=180,seed=42,prompt=4096,output=1024,stall=na,ltimeout=na,gllm=0.6.0	measured	char-coder; thermal=73C/39W	results/gb10-1988a9714b4e/unsloth/Qwen3.6-35B-A3B-NVFP4-Fast/data/20260712-182735-coder
20260818-100310-chat	4c8a98c	gb10-1988a9714b4e	unsloth/Qwen3.8-27B-NVFP4	chat(512/256)	vllm@0.27.1(img:sha256:0a51ea5b4ae2)	8cfcfcac	runbooks/unsloth/Qwen3.8-27B-NVFP4/baseline.sh	417	180	42	13.6	45.03	77.86	136.36	205.42	75.3	c1:9/0/0;c4:29/3/0;c8:52/7/0;c16:87/15/0;c32:127/31/0	ok	levels=1|4|8|16|32,max_s=180,seed=42,prompt=512,output=256,stall=na,ltimeout=na,gllm=0.6.0	measured	suite full-sweep; thermal=74C/37W	results/gb10-1988a9714b4e/unsloth/Qwen3.8-27B-NVFP4/data/20260818-100310-chat
20260818-130426-chat	09913e8	gb10-1988a9714b4e	unsloth/Qwen3.8-27B-NVFP4	chat(512/256)	vllm@0.27.1(img:sha256:0a51ea5b4ae2)	31fcad6c	runbooks/unsloth/Qwen3.8-27B-NVFP4/20260818_mtp-n2_tuned.sh	452	180	42	24.54	na	na	188.34	na	71.7	c1:17/0/0;c16:122/15/0	ok	levels=1|16,max_s=180,seed=42,prompt=512,output=256,stall=na,ltimeout=na,gllm=0.6.0	measured	exp=20260818-125639 n1; thermal=76C/40W	results/gb10-1988a9714b4e/unsloth/Qwen3.8-27B-NVFP4/data/20260818-130426-chat
20260818-131057-chat	09913e8	gb10-1988a9714b4e	unsloth/Qwen3.8-27B-NVFP4	chat(512/256)	vllm@0.27.1(img:sha256:0a51ea5b4ae2)	31fcad6c	runbooks/unsloth/Qwen3.8-27B-NVFP4/20260818_mtp-n2_tuned.sh	452	180	42	23.15	na	na	190.05	na	71.8	c1:16/0/0;c16:125/15/0	ok	levels=1|16,max_s=180,seed=42,prompt=512,output=256,stall=na,ltimeout=na,gllm=0.6.0	measured	exp=20260818-125639 n2; thermal=72C/40W	results/gb10-1988a9714b4e/unsloth/Qwen3.8-27B-NVFP4/data/20260818-131057-chat
20260818-131724-chat	09913e8	gb10-1988a9714b4e	unsloth/Qwen3.8-27B-NVFP4	chat(512/256)	vllm@0.27.1(img:sha256:0a51ea5b4ae2)	31fcad6c	runbooks/unsloth/Qwen3.8-27B-NVFP4/20260818_mtp-n2_tuned.sh	452	180	42	23.09	na	na	187.61	na	71.7	c1:16/0/0;c16:122/15/0	ok	levels=1|16,max_s=180,seed=42,prompt=512,output=256,stall=na,ltimeout=na,gllm=0.6.0	measured	exp=20260818-125639 n3; thermal=73C/39W	results/gb10-1988a9714b4e/unsloth/Qwen3.8-27B-NVFP4/data/20260818-131724-chat
20260818-133106-chat	09913e8	gb10-1988a9714b4e	unsloth/Qwen3.8-27B-NVFP4	chat(512/256)	vllm@0.27.1(img:sha256:0a51ea5b4ae2)	de23b412	runbooks/unsloth/Qwen3.8-27B-NVFP4/20260818_mtp-n3_tuned.sh	417	180	42	24.24	na	na	208.86	na	71.4	c1:17/0/0;c16:136/15/0	ok	levels=1|16,max_s=180,seed=42,prompt=512,output=256,stall=na,ltimeout=na,gllm=0.6.0	measured	exp=20260818-132356 n1; thermal=76C/41W	results/gb10-1988a9714b4e/unsloth/Qwen3.8-27B-NVFP4/data/20260818-133106-chat
20260818-133736-chat	09913e8	gb10-1988a9714b4e	unsloth/Qwen3.8-27B-NVFP4	chat(512/256)	vllm@0.27.1(img:sha256:0a51ea5b4ae2)	de23b412	runbooks/unsloth/Qwen3.8-27B-NVFP4/20260818_mtp-n3_tuned.sh	417	180	42	25.64	na	na	201.84	na	71.4	c1:17/0/0;c16:134/14/0	ok	levels=1|16,max_s=180,seed=42,prompt=512,output=256,stall=na,ltimeout=na,gllm=0.6.0	measured	exp=20260818-132356 n2; thermal=75C/41W	results/gb10-1988a9714b4e/unsloth/Qwen3.8-27B-NVFP4/data/20260818-133736-chat
20260818-134356-chat	09913e8	gb10-1988a9714b4e	unsloth/Qwen3.8-27B-NVFP4	chat(512/256)	vllm@0.27.1(img:sha256:0a51ea5b4ae2)	de23b412	runbooks/unsloth/Qwen3.8-27B-NVFP4/20260818_mtp-n3_tuned.sh	417	180	42	26.43	na	na	210	na	71.4	c1:18/0/0;c16:139/15/0	ok	levels=1|16,max_s=180,seed=42,prompt=512,output=256,stall=na,ltimeout=na,gllm=0.6.0	measured	exp=20260818-132356 n3; thermal=73C/41W	results/gb10-1988a9714b4e/unsloth/Qwen3.8-27B-NVFP4/data/20260818-134356-chat
20260818-141413-chat	09913e8	gb10-1988a9714b4e	unsloth/Qwen3.8-27B-NVFP4	chat(512/256)	vllm@0.27.1(img:sha256:0a51ea5b4ae2)	98f1e6e3	runbooks/unsloth/Qwen3.8-27B-NVFP4/20260818_mtp-n4_tuned.sh	432	180	42	na	na	na	205.5	na	71.6	c16:133/15/0	ok	levels=16,max_s=180,seed=42,prompt=512,output=256,stall=na,ltimeout=na,gllm=0.6.0	measured	n4 crash reproduction attempt; thermal=76C/50W	results/gb10-1988a9714b4e/unsloth/Qwen3.8-27B-NVFP4/data/20260818-141413-chat
20260818-193258-chat	37a90df	gb10-1988a9714b4e	unsloth/Qwen3.8-27B-NVFP4	chat(512/256)	vllm@0.27.1(img:sha256:0a51ea5b4ae2)	32b90b67	runbooks/unsloth/Qwen3.8-27B-NVFP4/20260818_n3-qwen35mtp_tuned.sh	411	180	42	27.11	na	na	205.54	na	71.4	c1:19/0/0;c16:135/15/0	ok	levels=1|16,max_s=180,seed=42,prompt=512,output=256,stall=na,ltimeout=na,gllm=0.6.0	measured	exp=20260818-192552 n1; thermal=75C/40W	results/gb10-1988a9714b4e/unsloth/Qwen3.8-27B-NVFP4/data/20260818-193258-chat
20260818-193926-chat	37a90df	gb10-1988a9714b4e	unsloth/Qwen3.8-27B-NVFP4	chat(512/256)	vllm@0.27.1(img:sha256:0a51ea5b4ae2)	32b90b67	runbooks/unsloth/Qwen3.8-27B-NVFP4/20260818_n3-qwen35mtp_tuned.sh	411	180	42	25.47	na	na	211.4	na	71.4	c1:17/0/0;c16:142/15/0	ok	levels=1|16,max_s=180,seed=42,prompt=512,output=256,stall=na,ltimeout=na,gllm=0.6.0	measured	exp=20260818-192552 n2; thermal=72C/40W	results/gb10-1988a9714b4e/unsloth/Qwen3.8-27B-NVFP4/data/20260818-193926-chat
20260818-194550-chat	37a90df	gb10-1988a9714b4e	unsloth/Qwen3.8-27B-NVFP4	chat(512/256)	vllm@0.27.1(img:sha256:0a51ea5b4ae2)	32b90b67	runbooks/unsloth/Qwen3.8-27B-NVFP4/20260818_n3-qwen35mtp_tuned.sh	411	180	42	25.8	na	na	206.94	na	71.4	c1:17/0/0;c16:138/15/0	ok	levels=1|16,max_s=180,seed=42,prompt=512,output=256,stall=na,ltimeout=na,gllm=0.6.0	measured	exp=20260818-192552 n3; thermal=72C/40W	results/gb10-1988a9714b4e/unsloth/Qwen3.8-27B-NVFP4/data/20260818-194550-chat
20260818-200804-chat	2fc5915	gb10-1988a9714b4e	unsloth/Qwen3.8-27B-NVFP4	chat(512/256)	vllm@0.27.1(img:sha256:0a51ea5b4ae2)	de23b412	runbooks/unsloth/Qwen3.8-27B-NVFP4/20260818_mtp-n3_tuned.sh	417	180	42	na	na	na	218.16	na	72.1	c16:141/15/0	ok	levels=16,max_s=180,seed=42,prompt=512,output=256,stall=na,ltimeout=na,gllm=0.6.0	measured	py-spy forensics rehearsal (do not use for tuning); thermal=72C/49W	results/gb10-1988a9714b4e/unsloth/Qwen3.8-27B-NVFP4/data/20260818-200804-chat
20260818-202029-chat	2fc5915	gb10-1988a9714b4e	unsloth/Qwen3.8-27B-NVFP4	chat(512/256)	vllm@0.27.1(img:sha256:0a51ea5b4ae2)	de23b412	runbooks/unsloth/Qwen3.8-27B-NVFP4/20260818_mtp-n3_tuned.sh	457	180	42	na	na	na	212.85	na	71.3	c16:136/15/0	ok	levels=16,max_s=180,seed=42,prompt=512,output=256,stall=na,ltimeout=na,gllm=0.6.0	measured	py-spy forensics rehearsal — DO NOT USE for tuning; thermal=72C/48W	results/gb10-1988a9714b4e/unsloth/Qwen3.8-27B-NVFP4/data/20260818-202029-chat
20260818-203920-chat	4081e09	gb10-1988a9714b4e	unsloth/Qwen3.8-27B-NVFP4	chat(512/256)	vllm@0.27.1(img:sha256:0a51ea5b4ae2)	4547771b	runbooks/unsloth/Qwen3.8-27B-NVFP4/20260818_n3-async-sched_tuned.sh	447	180	42	28.16	na	na	212.43	na	71.6	c1:20/0/0;c16:138/15/0	ok	levels=1|16,max_s=180,seed=42,prompt=512,output=256,stall=na,ltimeout=na,gllm=0.6.0	measured	exp=20260818-203139 n1; thermal=72C/41W	results/gb10-1988a9714b4e/unsloth/Qwen3.8-27B-NVFP4/data/20260818-203920-chat
20260818-204548-chat	4081e09	gb10-1988a9714b4e	unsloth/Qwen3.8-27B-NVFP4	chat(512/256)	vllm@0.27.1(img:sha256:0a51ea5b4ae2)	4547771b	runbooks/unsloth/Qwen3.8-27B-NVFP4/20260818_n3-async-sched_tuned.sh	447	180	42	25.47	na	na	207.36	na	71.6	c1:17/0/0;c16:138/15/0	ok	levels=1|16,max_s=180,seed=42,prompt=512,output=256,stall=na,ltimeout=na,gllm=0.6.0	measured	exp=20260818-203139 n2; thermal=74C/41W	results/gb10-1988a9714b4e/unsloth/Qwen3.8-27B-NVFP4/data/20260818-204548-chat
20260818-205210-chat	4081e09	gb10-1988a9714b4e	unsloth/Qwen3.8-27B-NVFP4	chat(512/256)	vllm@0.27.1(img:sha256:0a51ea5b4ae2)	4547771b	runbooks/unsloth/Qwen3.8-27B-NVFP4/20260818_n3-async-sched_tuned.sh	447	180	42	25.71	na	na	209.18	na	71.5	c1:17/0/0;c16:139/15/0	ok	levels=1|16,max_s=180,seed=42,prompt=512,output=256,stall=na,ltimeout=na,gllm=0.6.0	measured	exp=20260818-203139 n3; thermal=70C/41W	results/gb10-1988a9714b4e/unsloth/Qwen3.8-27B-NVFP4/data/20260818-205210-chat
20260818-210633-chat	4081e09	gb10-1988a9714b4e	unsloth/Qwen3.8-27B-NVFP4	chat(512/256)	vllm@0.27.1(img:sha256:0a51ea5b4ae2)	de23b412	runbooks/unsloth/Qwen3.8-27B-NVFP4/20260818_mtp-n3_tuned.sh	462	180	42	24.71	84.73	142.26	206.5	278.96	71.5	c1:17/0/0;c4:57/3/0;c8:96/7/0;c16:138/15/0;c32:182/31/0	ok	levels=1|4|8|16|32,max_s=180,seed=42,prompt=512,output=256,stall=na,ltimeout=na,gllm=0.6.0	measured	suite full-sweep; thermal=78C/43W	results/gb10-1988a9714b4e/unsloth/Qwen3.8-27B-NVFP4/data/20260818-210633-chat
20260819-191404-chat	910c572	gb10-1988a9714b4e	unsloth/Qwen3.8-27B-NVFP4	chat(512/256)	vllm@0.27.1(img:sha256:0a51ea5b4ae2)	38e2accb	runbooks/unsloth/Qwen3.8-27B-NVFP4/VLLM-27-unsloth_Qwen3.8-27B_NVFP4_final.sh	463	180	42	26.8	na	na	206.84	na	71.4	c1:19/0/0;c16:134/15/0	ok	levels=1|16,max_s=180,seed=42,prompt=512,output=256,stall=na,ltimeout=na,gllm=0.6.0	measured	exp=20260819-190606 n1; thermal=76C/40W	results/gb10-1988a9714b4e/unsloth/Qwen3.8-27B-NVFP4/data/20260819-191404-chat
20260819-192032-chat	5d2c418	gb10-1988a9714b4e	unsloth/Qwen3.8-27B-NVFP4	chat(512/256)	vllm@0.27.1(img:sha256:0a51ea5b4ae2)	38e2accb	runbooks/unsloth/Qwen3.8-27B-NVFP4/VLLM-27-unsloth_Qwen3.8-27B_NVFP4_final.sh	463	180	42	25.96	na	na	211.21	na	71.5	c1:18/0/0;c16:141/15/0	ok	levels=1|16,max_s=180,seed=42,prompt=512,output=256,stall=na,ltimeout=na,gllm=0.6.0	measured	exp=20260819-190606 n2; thermal=74C/40W	results/gb10-1988a9714b4e/unsloth/Qwen3.8-27B-NVFP4/data/20260819-192032-chat
20260818-101929-coder	4c8a98c	gb10-1988a9714b4e	unsloth/Qwen3.8-27B-NVFP4	coder(4096/1024)	vllm@0.27.1(img:sha256:0a51ea5b4ae2)	8cfcfcac	runbooks/unsloth/Qwen3.8-27B-NVFP4/baseline.sh	417	600	42	14.23	40.54	73.13	102.83	137.32	75.3	c1:7/0/0;c4:22/3/0;c8:40/7/0;c16:57/15/0;c32:75/31/0	ok	levels=1|4|8|16|32,max_s=600,seed=42,prompt=4096,output=1024,stall=na,ltimeout=na,gllm=0.6.0	measured	suite full-sweep; thermal=76C/40W	results/gb10-1988a9714b4e/unsloth/Qwen3.8-27B-NVFP4/data/20260818-101929-coder
20260818-212232-coder	4081e09	gb10-1988a9714b4e	unsloth/Qwen3.8-27B-NVFP4	coder(4096/1024)	vllm@0.27.1(img:sha256:0a51ea5b4ae2)	de23b412	runbooks/unsloth/Qwen3.8-27B-NVFP4/20260818_mtp-n3_tuned.sh	462	600	42	22.1	69.85	103.22	144.46	185.08	71.5	c1:12/0/0;c4:37/3/0;c8:60/7/0;c16:79/15/0;c32:96/31/0	ok	levels=1|4|8|16|32,max_s=600,seed=42,prompt=4096,output=1024,stall=na,ltimeout=na,gllm=0.6.0	measured	suite full-sweep; thermal=79C/46W	results/gb10-1988a9714b4e/unsloth/Qwen3.8-27B-NVFP4/data/20260818-212232-coder
